#  STRING NAME (do not change!);English;French;Italian;Spanish;German;Polish;Portugese;Russian;;Extra2;X,,
LEAVECURRENT;(Please note that you will leave your current alliance.);(Remarquez que vous allez quitter votre alliance actuelle.);(Attenzione: cosм facendo uscirai dall'alleanza attuale.);(Ten en cuenta que dejarбs tu alianza actual).;(Bitte nehmen sie zur Kenntnis, dass sie Ihr momentanes Bьndnis verlassen werden.);(Pamiкtaj, їe tym samym opuњcisz aktualny sojusz);;(Обратите внимание на то, что вам придется покинуть текущий альянс.);;;x
TRADE_SLIDE_LIMIT;They have max %.1f to offer. We have max %.1f to trade.;Ils ont max %.1f а offrir. Nous avons max %.1f  а йchanger. ;Hanno al massimo %.1f da offrire. Noi abbiamo al massimo %.1f da scambiare.;Tienen un mбx. de %.1f que ofrecer.  Tenemos un mбx. de %.1f que dar. ;Der Handelspartner hat maximal %.1f anzubieten. Wir haben maximal %.1f zum handeln.;Maj№ maks %.1f do zaoferowania. My mamy maks. %.1f do przekazania.;;Они могут предложить не более %.1f. Мы можем продать не более %.1f.;;;x,,
SNAME_LIGHT_ARMOR_BRI;L-A;B-L;B-L;Bli Lig;L. Pz;L. Cz.;;Л.Т.(бриг.);;;x,,
DEL_SLIDER_SUPPLIES2;We will produce %.2f supplies daily.\nOur troops need at least %.2f each day.\nWe are getting %.2f from trade each day.\nWe are trading away %.2f each day.;Nous produirons %.2f ravitaillement chaque jour.\nNos troupes nйcйssitent au moins %.2f chaque jour.\nNous reзevons %.2f du commerce chaque jour.\nNous en йchangeons %.2f chaque jour.;Produrremo %.2f rifornimenti al giorno.\nLe nostre truppe necessitano di almeno %.2f rifornimenti al giorno.\nCon il commercio riceviamo %.2f rifornimenti ogni giorno.\nScambiamo %.2f rifornimenti al giorno.;Produciremos %.2f de suministros al dнa.\nNuestras tropas necesitan al menos %.2f cada dнa.\nObtenemos %.2f del comercio cada dнa.\nEnviamos %.2f cada dнa.;Wir produzieren %.2f pro Tag.\nUnsere Truppen verbrauchen mindestens %.2f pro Tag.\nWir importieren %.2f pro Tag.\nWir exportieren %.2f pro Tag.;Bкdziemy produkowaж %.2f zaopatrzenia dziennie.\n Nasze jednostki potrzebuj№ przynajmniej %.2f dziennie.\n Otrzymujemy %.2f dziennie dziкki umowom handlowym.\nCodziennie przekazujemy %.2f w ramach umуw.;;Ежедневное производство припасов: %.2f.\nПотребление припасов войсками: %.2f.\nЕжедневные закупки припасов: %.2f.\nЕжедневные продажи припасов: %.2f.;;;x,,
EYRARMIES_ST;DIVISION STATISTICS;STATISTIQUES DE DIVISION;STATISTICHE DIVISIONE;ESTADНSTICAS DIVISIONES;DIVISIONSSTATISTIK;Statystyki dywizji;;ПОДРАЗДЕЛЕНИЯ;;;x,,
EYRFLEETS_ST;SHIP STATISTICS;STATISTIQUES NAVALES;STATISTICHE MEZZI NAVALI;ESTADНSTICAS NAVALES;SCHIFFSSTATISTIK;Statystyki statkуw;;КОРАБЛИ;;;x,,
EYRAIR_ST;AIRCRAFT STATISTICS;STATISTIQUES DES AVIONS;STATISTICHE MEZZI AEREI;ESTADНSTICAS AЙREAS;FLUGZEUGSSTATISTIK;Statystyki samolotуw;;ВОЕННО-ВОЗДУШНЫЕ СИЛЫ;;;x,,
BM_MINISTER_MODS;Minister Modifiers;Modificateurs de ministre;Modificatori ministro;Modificadores del Ministro;Minister Modifikationen;Modyfikatory ministrуw;;Способности министров;;;x,,
CRB_MINMOD;Different ministers can give different modifiers to a unit in combat.;Les ministres diffйrents peuvent donner des modificateurs diffйrents а une unitй pendant le combat.;I ministri possono applicare diversi modificatori alle unitа coinvolte nei combattimenti.;Cada ministro puede dar un modificador diferente a una unidad en combate.;Verschiedene Minister kцnnen Einheiten im Kampf unterschiedliche Boni geben.;Ministrowie mog№ spowodowaж przydzielenie premii jednostkom.;;Различные министры могут влиять на эффективность подразделения в бою;;;x,,
EYRBRIGADESHORT;Brigade;Brigade;Brigata;Brigada;Brigade;Brygada;;Бригада;;;x,,
MANPOWER_IC_USE;You have %.1f IC committed to reinforcement in this scenario.;Vous avez %.1f IC  attibuйs aux renforts dans ce scйnario. ;In questo scenario %.1f di PI и assegnata ai rinforzi.;Tienes %.1f de CI comprometida en refuerzos para este escenario.;In diesem Szenario werden laufend %.1f IK in Verstдrkung investiert.;Poњwiкciіeњ w tym scenariuszu %.1f j. PP na uzupeіnienia.;;В этом сценарии у вас %.1f ПП на нужды пополнения армейских частей.;;;x,,
UIW_OFFENSIVE_RETREAT;You cannot do this with retreating units.;Vous ne pouvez pas faire ceci avec des unitйs en retraite.;Non puoi farlo con delle unitа in ritirata.;No puedes hacerlo con unidades en retirada.;Dieser Befehl ist nicht mцglich mit sich zurьckziehenden Truppen.;;;Вы не можете этого сделать во время отступления.;;;x,,
BASED_IN;Navalbase: %s;Base navale: %s;Base navale: %s;Base naval: %s;Heimathafen: %s;Baza morska: %s;;Морская база: %s;;;x,,
DIPROL_SE_2;You may only send expeditionary forces to your allies.;Des corps expйditionnaires peuvent seulement кtre prкtйs а vos alliйs. ;Puoi solo inviare delle forze di spedizione ai tuoi alleati.;Sуlo puedes enviar fuerzas expedicionarias a aliados.;Sie kцnnen Truppen nur an Verbьndete entsenden.;Korpus ekspedycyjny wysіaж moїesz jedynie do sojusznika.;;Вы можете выслать экспедиционный корпус только своему союзнику.;;;x,,,,,
TCHAT_ALL;everyone;tout le monde;tutti;todos;Alle;Wszyscy;;все;;;x,,,,,
TCHAT_COOP;co-op;co-op;co-op;coop;Ko-op;Kooperacja;;кооп.;;;x,,,,,
TCHAT_ALLIES;allies;alliйs;alleati;aliados;Verbьndete;Sojusznicy;;союзники;;;x,,,,,
TCHAT_ENEMY;enemies;ennemis;nemici;enemigos;Feinde;Wrogowie;;враги;;;x,,,,,
TCHAT_CUSTOM;custom;personalisй;personalizzato;personaliz.;Angepasst;Inni;;другое;;;x,,,,,
ALREADY_UNDERDEV;Under development: %d;Sous dйveloppement: %d;In via di sviluppo: %d;En desarrollo: %d;In Produktion: %d;W produkcji: %d;;Производится: %d;;;x,,,,,
SINGLEUNITN;You may only set orders for these naval units individually, as they have different restrictions or range.;Vous ne pouvez donner des ordres pour ces unitйs navales qu' individuellement car ils ont des restrictions de distance diffйrentes.;A queste unitа navali puoi impartire solo ordini individuali, poichй esse hanno restrizioni diverse per il raggio d'azione.;Sуlo puedes dar уrdenes individuales a estas unidades navales, pues tienen diferentes restricciones o radios de acciуn.;Sie mьssen diesen Marineeinheiten gesondert Befehle geben, da sie unterschiedliche Reichweiten haben.;Tym jednostkom morskim musisz indywidualnie przydzieliж rozkazy - maj№ one rуїny zasiкg lub ograniczenia.;;Вы должны назначить индивидуальные приказы этим кораблям, так как они имеют разные области действия и на них наложены различные ограничения.;;;x,
LOCATED_IN;%s is a part of %s, currently in %s.;%s fait partie de %s, currently in %s;%s fa parte di %s, attualmente in %s.;%s forma parte de %s, actualmente en %s.;%s ist ein Teil von %s, momentan in %s.;%s jest czкњci№ %s i stacjonuje aktualnie w: %s.;;%s входит в состав части %s, расположенной в провинции %s.;;;x
NOT_IN_SUPPLY_NO_BUILD;It is not possible to construct anything in provinces which are not supplied.;Il n'est pas possible de construire dans des provinces qui sont sans ravitaillement.;И impossibile costruire nelle province non raggiunte dai rifornimenti.;No es posible construir nada en provincias desabastecidas.;Es ist nicht mцglich etwas in Provinzen zu bauen die nicht versorgt sind.;Nie ma moїliwoњci budowania niczego w prowincjach nie zaopatrywanych.;;Строительство невозможно, так как провинция не входит в зону снабжения.;;;x,,,,,
BADWEATHER_MSG;The weather is too bad for the planes to perform their mission there.;Le temps est trop mauvais pour que les avions puissent exйcuter leur mission lа-bas. ;A causa delle condizioni meteo avverse, i mezzi aerei non possono eseguire la loro missione laggiщ.;El tiempo es demasiado malo para que los aviones lleven a cabo la misiуn.;Das Wetter ist zu schlecht als dass die Flugzeuge dort ihre Mission ausfьhren kцnnten.;Samoloty nie mog№ tutaj dziaіaж z powodu zіej pogody.;;Самолеты не могут выполнять миссии в этой провинции из-за плохой погоды.;;;x,,,,
UIW_RETURNFORCETOUS;Take back this unit to serve under our command.;Reprendre cette unitй pour servir sous nos ordres. ;Prendi nuovamente possesso di questa unitа e ponila sotto il nostro comando.;Recupera esta unidad y la pone a nuestras уrdenes.;Rufen sie diese Einheit zurьck unter Ihr Kommando.;Odzyskaj jednostkк, aby sіuїyіa pod naszym dowуdztwem.;;Вернуть командование частью.;;;x,,,,
NEXTPART;Next Ready at: %s\n;Prochain prкt: %s\n;Prossimo pronto a: %s\n;Siguiente listo(a) en: %s\n; Nдchste Einheit bereit: %s\n;Kolejny element gotowy: %s\n;;Завершение текущей задачи: %s.\n ;;;x,,,,,
SERIESFINISHED;Series done at: %s;Fin de sйrie: %s;Serie conclusa a: %s;Serie terminada en: %s;Produktion beendet: %s;Seria zakoсczy siк: %s;;Окончание серийного производства: %s. ;;;x,,,,,
DIPROL_INV99;Only a leader of an alliance may invite new members to it.;Seulement le leader d'une alliance peut inviter de nouveaux membres. ;Solo il leader dell'alleanza puт invitare nuovi membri.;Sуlo el lнder de la alianza puede invitar a nuevos miembros.;Nur der Anfьhrer eines Bьndnisses kann neue Mitglieder dazu einladen.;Tylko przywуdca sojuszu moїe do niego zapraszaж.;;Только лидер альянса может приглашать в него новых членов.;;;x,,,,,
ROL_TC_TECHMOD;\n Technology Modifier On IC->TC: %+.f percent.;\n Modificateur de technologie  IC-> TC: %+.f percent.;\n Modificatore tecnologico PI->CT: %+.f percento.;\n Mod. de tecnologнa a CI->CT: %+.f por ciento.;\nTechnologie-Modifikator: %+.f Prozent.\n;\n Technologiczny modyfikator PP->ZT: %+.f procent.;;\n  Модификатор технологий (ПП->ПС): %+.f проц.;;;x,,,,,
ROL_TC_MINMOD;\n Minister Modifier On IC->TC: %+.f percent.\n;\n Modificateur de ministre  IC-> TC: %+.f percent \n.;\n Modificatore ministro PI->CT: %+.f percento.;\n Mod. Por Ministro a CI->CT: %+.f por ciento.\n;\n Minister-Modifikator: %+.f Prozent.\n;\n Ministerialny modyfikator PP->ZT: %+.f procent.\n;;\n  Модификатор министра (ПП->ПС): %+.f проц.\n;;;x
EE_NUCLEAR_CARRIER_NEW;%s may now carry nukes.;%s peut maintenant porter des armes nuclйaires. ;%s puт ora trasportare testate nucleari.;%s ya puede llevar armas nucleares.;%s kann nun Nuklearraketen tragen.;%s moїe przenosiж іadunki j№drowe.;;%s теперь может нести атомное оружие.;;;x
#;;;;;;;;;;;x
REGION_EASTERN_CANADA;Eastern Canada;Le Canada de l'Est;Canada orientale;Canadб oriental;Ostkanada;Wschodnia Kanada;;Восточная Канада;;;x
REGION_WESTERN_CANADA;Western Canada;Le Canada de l'Ouest;Canada occidentale;Canadб occidental;Westkanada;Zachodnia Kanada;;Западная Канада;;;x
REGION_NORTHERN_CANADA;Northern Canada;Le Canada du Nord;Canada settentrionale;Canadб septentrional;Nordkanada;Pуіnocna Kanada;;Северная Канада;;;x
AREA_RYUKYULAND;Ryukyus;Ryukyus;Ryukyus;Ryukyu;Ryukyus;Riukiu;;Рюкю;;;x
AREA_NORTH_BISMARCK_ARCHIPELAGO;North Bismarck Archipelago;L'Archipel de Bismarck du Nord;Arcipelago di Bismarck sett.;Norte del Archipiйlago de Bismarck;Nцrdliches Bismark-Archipel;Pуіnocny Archipelag Bismarcka;;Север Архипелага Бисмарка;;;x
AREA_NORTH_NEW_HEBRIDES;North New Hebrides;Les Nouvelles Hйbrides du Nord;Nuove Ebridi settentrionali;Norte de las Nuevas Hйbridas;Nцrdliche Neue Hebriden;Pуіnocne Nowe Hebrydy;;Север Новых Гебридов;;;x
AREA_SOUTH_NEW_HEBRIDES;South New Hebrides;Les Nouvelles Hйbrides du Sud;Nuove Ebridi meridionali;Sur de las Nuevas Hйbridas;Sьdliche Neue Hebriden;Poіudniowe Nowe Hebrydy;;Юг Новых Гебридов;;;x
AREA_CENTRAL_SOLOMONS;Central Solomons;Centre des Salomon;Isole Salomone centrali;Salomуn centrales;Zentrale Solomoninseln;Њrodkowe Wyspy Salomona;;Центр Соломоновых островов;;;x
AREA_WEST_ALEUTIANS;West Aleutians;Alйoutiennes de l'Ouest;Isole Aleutine occidentali;Oeste de las Auletianas;Westliche Aleuten;Zachodnie Aleuty;;Запад Алеутских островов;;;x
AREA_CEYLON;Ceylon;Ceylan;Ceylon;Ceilбn;Ceylon;Cejlon;;Цейлон;;;x
AREA_HOKKAIDO;Hokkaido;Hokkaido;Hokkaido;Hokkaido;Hokkaido;Hokkaido;;Хоккайдо;;;x
AREA_NORTH_BURMA;North Burma;Birmanie du Nord;Birmania settentrionale;Norte de Birmania;Nordburma;Pуіnocna Birma;;Северная Бирма;;;x
AREA_EAST_BENGAL;East Bengal;Le Bengale de l'Est;Bengala orientale;Este de Bengala;Ostbengal;Wschodni Bengal;;Восточный Бенгал;;;x
AREA_KRA_PENINSULA;Kra Peninsula;Pйninsule de Kra ;Penisola di Kra;Penнnsula de Malaca;Kra Halbinsel;Przyl№dek Kra;;Полуостров Малакка;;;x,,,,,,,,,,,,,,,,,
AREA_TRIPOLI;Tripoli;Tripolis;Tripoli;Trнpoli;Tripolis;Trypolis;;Триполи;;;x,,,,,,,,,,,,,,,,,
AREA_GREENLAND;Greenland;Groenland;Groenlandia;Groenlandia;Grцnland;Grenlandia;;Гренландия;;;x,,,,,,,,,,,,,,,,,
#;;;;;;;;;;;x,,,,,,,,,,,,,,,,,
ESE_AVERAGE;Average Division ESE: %.2f\n;ERR moyenne de division: %.2f\n;EER media di divisione: %.2f\n;ERS media de la divisiуn: %.2f\n;Durchschnittliche TVE der Einheit: %.2f\n;Њredni EWZ dywizji: %.2f\n;;Средняя ФЭС дивизии: %.2f\n;;;x,,,,,,,,,,,,,,,,,
ESE_INFRA;Infrastructure: %.2f\n;Infrastructure: %.2f\n;Infrastrutture: %.2f\n;Infraestructuras: %.2f\n;Infrastruktur: %.2f\n;Infrastruktura: %.2f\n;;Инфраструктура: %.2f\n;;;x,,,,,,,,,,,,,,,,,
ESE_HQ;HQ Bonus: %.2f\n;Bonus QG: %.2f\n;Bonus QG: %.2f\n;Bonif. por EM: %.2f\n;HQ Bonus: %.2f\n;Premia HQ: %.2f\n;;Штаб: %.2f\n;;;x,,,,,,,,,,,,,,,,,
ESE_TOTAL;(Average %.2f + Infra: %.2f) /2 + HQ %.2f;(Moyenne %.2f + Infra: %.2f) /2 + HQ %.2f;(Media %.2f + Infra.: %.2f) /2 + QG %.2f;(%.2f de media + %.2f por infra.) /2 + %.2f por EM;(Durchschnitt %.2f + Infra %.2f) /2 + HQ %.2f;(Њrednio %.2f + Infra: %.2f)/2 + HQ %.2f;;(Средн.: %.2f + Инфр.: %.2f) /2 + Штаб: %.2f;;;x,,,,,,,,,,,,,,,,,
RCDM_DIPLO;Open Diplomacy;Ouvrir diplomatie;Apri Diplomazia;Abrir diplomacia;Diplomatie цffnen;Rozpocznij rozmowy dyplomatyczne;;Переговоры;;;x,,,,,,,,,,,,,,,,,
NATIONAL_PROV_OF;It is one of %s's national provinces.;C'est une des provinces nationales de %s. ;И una delle province nazionali di %s.;Es una de las provincias nacionales de %s.;Es ist eine nationale Provinz von %s.;Jest prowincj№ narodow№ paсstwa: %s;;Это одна из национальных провинций державы %s.;;;x,,,,,,,,,,,,,,,,,
PROV_CONTROLLED_BY;%s is controlled by %s.;%s est contrфlй par %s.;%s и sotto il controllo di %s.;%s estб bajo el control de %s.;%s wird von %s kontrolliert.;%s jest pod kontrol№ paсstwa: %s.;;%s контролируется державой %s.;;;x,,,,,,,,,,,,,,,,,
PROV_ORIGOWNED_BY;%s has taken %s from its legal owner %s.;%s a pris %s de son propriйtaire lйgal %s.;%s ha preso il controllo di %s dal legittimo proprietario %s.;%s ha arrebatado %s a %s, su propietario legнtimo.;%s hat %s seinem Eigentьmer %s abgenommen.;Paсstwo: %s przejкіo prowincjк: %s od jej wіaњciciela: %s.;;%s отнимает провинцию %s у ее законного владельца - державы %s.;;;x,,,,,,,,,,,,,,,,
CLIMATE_ARID;Arid;Aride;Arido;Бrido;Trocken;Suchy;;Сухой;;;x,,,,,,,,,,,,,,,,,
EYR_C_MONEY;Money;Argent;Denaro;Dinero;Geld;Pieni№dze;;Деньги;;;x,,,,,,,,,,,,,,,,,
FLEET_COMPOSITION_IRO;The ratio of capital ships and screening units is at %.2f percent efficiency.;The ratio de navires principaux et d'unitйs d'escorte est а %.2f pourcent d'efficacitй.;La proporzione tra le navi principali e i mezzi navali di supporto и al %.2f percento di efficienza.;La proporciуn de grandes unidades y barcos de escoltas estб a %.2f por ciento de eficacia.;Das Verhдltnis zwischen GroЯkampf- und Begleitschiffen bringt eine Effizienz von %.2f.;Wydajnoњж statkуw gіуwnych i eksorty wynosi %.2f procent.;;Эффективность, определяемая соотношением кораблей основного класса и судов охранения, равна %.2f.;;;x,,,,,,,,,,,,,,,,,
FLEET_COMPOSITION_DRO;You need at least as many screening units (DD, CL) as capital ships (CV, BB, BC, CA) in your fleet to fight effectively.;Il vous faut autant d'unitйs d'escorte (DD, CL) que de navires principaux (CV, BB, BC, CA) dans vфtre flotte afin de combattre efficacement.;Per combattere efficacemente, la tua flotta deve contenere un numero di navi di supporto (CT, IL) almeno pari a quello delle navi principali (PA, CO, IP, IN).;En tu flota necesitas al menos tantos escoltas (Des y Cru L) como grandes unidades (Pav, Aco, Cru Bat y Cru P) para luchar con eficacia.;Sie benцtigen zumindest so viele Begleitschiffe wie GroЯkampfschiffe in Ihrer Flotte um effizient zu kдmpfen.;Aby flota dziaіaіa efektywnie, potrzebujesz przynajmniej tyle samo statkуw eskorty, co statkуw gіуwnych.;;Для максимальной эффективности в бою соединение помимо кораблей основного класса должно содержать не меньшее число судов охранения.;;;x
TC_IRO_INFO;This fleet is currently transporting %d divisions and has the capacity to carry %d.;Cette flotte transporte actuellement %d divisions et a la capacitй de porter %d.;Questa flotta sta trasportando %d divisioni e puт contenerne al massimo %d.;Esta flota transporta ahora %d divisiones y tiene capacidad para llevar %d.;Die Flotte transportiert momentan %d Divisionen. Die Maximalkapazitдt liegt bei %d Divisionen.  ;Ta flota transportuje obecnie %d dywizji. Jej pojemnoњж to %d dywizji.;;Число транспортируемых дивизий: %d.\nВместимость: %d.\n;;;x,,,,,,,,,,,,,,,,,,,,,,,,,,,,,,,,,,,,,,,
TC_DRO_INFO;Each transport flotilla can carry one land division.;Chaque flottille de transport peut porter une division.;Ogni nave di trasporto puт contenere una divisione terrestre.;cada flotilla de transporte puede llevar una divisiуn terrestre.;Jede Transportereinheit kann eine Landdivision transportieren.;Kaїda flotylla transportowa moїe przewoziж jedn№ dywizjк l№dow№.;;Каждая транспортная флотилия может перевозить одну дивизию.\n;;;x,,,,,,,,,,,,,,,,,,,,,,,,,,,,,,,,,,,,,,,
TC_MONTH;Month >= %d.;Mois >= %d.;Mese >= %d.;Mes >= %d.;Monat >= %d.;Miesi№c >= %d.;;Месяц >= %d.;;;x,,,,,,,,,,,,,,,,,,,,,,,,,,,,,,,,,,,,,,,
EE_DOMESTIC_CURRENT; (Current: %d); (Courant: %d); (Attuale: %d); (Actual: %d);(Momentan: %d);(Aktualny poziom: %d);; (Текущее: %d);;;x,,,,,,,,,,,,,,,,,,,,,,,,,,,,,,,,,,,,,,,
EE_SET_RELATION;Relations with %s set to %d.;Relations avec %s mises а %d.;Relazioni con %s impostate a %d.;Relaciones con %s fijadas a %d.;Beziehungen zu %s auf %d gesetzt.;Relacje z paсstwem: %s ustawione na: %d.;;Отношения с державой %s изменились до %d.;;;x,,,,,,,,,,,,,,,,,,,,,,,,,,,,,,,,,,,,,,,
EE_RESOURCE;Stockpile of %s changed by %s%.1f\%% of daily max income.;Stock de %s changйs de %s%.1f\%% de la production maximale journaliиre.;Riserve di %s modificate di %s%.1f\%% della produzione massima giornaliera.;La reserva de %s ha cambiado en un %s%.1f\%% de ingreso mбx. diario.;Lagerbestand an %s um %s%.1f\%% des tдglichen Hцchsteinkommens verдndert.;Iloњж %s zmieniona o %s%.1f\%% maks. przychodu dziennego.;;%s: запасы изменяются на %s%.1f\%% от максимального ежедневного дохода.;;;x,,,,,,,,,,,,,,,,,,,,,,,,,,,,,,,,,,,,,,,
#;;;;;;;;;;;x,,,,,,,,,,,,,,,,,,,,,,,,,,,,,,,,,,,,,,,,,,,,,,,,,,,,,,,,,,,,,,,,,,
WEGUARA_SETUP;When we guarantee the independence of another nation;Quand nous garantissons l'indйpendance d'une autre nation;Se garantiamo l'indipendenza di un'altra nazione;Cuando garanticemos la independencia de otra naciуn.;Wenn wir die Unabhдngigkeit einer anderen Nation garantieren;Kiedy gwarantujemy niepodlegіoњж innemu krajowi;;Когда мы гарантируем независимость другого государства.;;;X,,,,,,,,,,,,,,,,,,,,,,,,,,,,,,,,,,,,,,,,,,,,,,,,,,,,,,,,,,,,,,,,,,
WEGUARA_HEADER;FOREIGN POLICY BRIEFING\nConcerning;RAPPORT POLITIQUE ETRANGERE\nConcernant;RAPPORTO DI POLITICA ESTERA\nsu;INFORME DE ASUNTOS EXTERIORES\nRelativo a:;Auslandpolitische Nachrichten\nBetreffend;Raport MSZ\nDotycz№cy;;СООБЩЕНИЕ МИД\nотносительно государства;;;X,,,,,,,,,,,,,,,,,,,,,,,,,,,,,,,,,,,,,,,,,,,,,,,,,,,,,,,,,,,,,,,,,,
WEGUARA_1;%s;%s;%s;%s;%s;%s;;%s;;;X,,,,,,,,,,,,,,,,,,,,,,,,,,,,,,,,,,,,,,,,,,,,,,,,,,,,,,,,,,,,,,,,,,
WEGUARA_2;%t, we have now;%t,  nous avons garanti;%t, abbiamo;%t, ya hemos;%t, wir garantieren ab jetzt die ;%t, wіaњnie;;%t, теперь мы;;;X,,,,,,,,,,,,,,,,,,,,,,,,,,,,,,,,,,,,,,,,,,,,,,,,,,,,,,,,,,,,
WEGUARA_3;GUARANTEED;L'INDEPENDANCE;GARANTITO;GARANTIZADO;UNABHДNGIGKEIT;zagwarantowaliњmy;;ГАРАНТИРУЕМ;;;X,,,,,,,,,,,,,,,,,,,,,,,,,,,,,,,,,,,,,,,,,,,,,,,,,,,,,,,,,,,,,,,,,,
WEGUARA_4;the independence of;de;l'indipendenza di;la independencia de;von;niepodlegіoњж:;;независимость;;;X,,,,,,,,,,,,,,,,,,,,,,,,,,,,,,,,,,,,,,,,,,,,,,,,,,,,,,,,,,,,,,,,,,
WEGUARA_5;%s;%s;%s;%s.;%s;%s;;государства %s.;;;X,,,,,,,,,,,,,,,,,,,,,,,,,,,,,,,,,,,,,,,,,,,,,,,,,,,,,,,,,,,,,,,,,,
WEGUARA_6;;;;;;;;;;;X,,,,,,,,,,,,,,,,,,,,,,,,,,,,,,,,,,,,,,,,,,,,,,,,,,,,,,,,,,,,,,,,,,
WEGUARA_LOG;We now guarantee the independence of %s.;Nous garantissons maintenant l'indйpendance de %s.;Ora siamo i garanti dell'indipendenza di %s.;Ya hemos garantizado la independencia de %s.;Wir garantieren nun die Unabhдngigkeit von %s.;Od teraz jesteњmy gwarantem niepodlegіoњci %s.;;Теперь мы гарантируем независимость государства %s.;;;X,,,,,,,,,,,,,,,,,,,,,,,,,,,,,,,,,,,,,,,,,,,,,,,,,,,,,,,,,,,,,,,,,,
WEGUARA_BTN1;OK;OK;OK;Aceptar;OK;OK.;;OK;;;X,,,,,,,,,,,,,,,,,,,,,,,,,,,,,,,,,,,,,,,,,,,,,,,,,,,,,,,,,,,,,,,,,,
WEGUARA_BTN2;;;;;;;;;;;X,,,
##;;;;;;;;;;;X,,,
DISBAND_BRIGADE;Click to disband this brigade.;Cliquez pour dissoudre cette brigade.;Clicca per smantellare questa brigata.;Haz clic para disolver esta brigada.;Klicken Sie um diese Brigade aufzulцsen.;Kliknij, aby rozwi№zaж brygadк.;;Щелкните здесь, чтобы расформировать бригаду.;;;x,,
STRAIT_NOT_BLOCKED;You can not pass through this strait, because %s is not allowing you this.;Vous ne pouvez passer par ce dйtroit: car cela vous est interdit par %s.;Non puoi passare attraverso questo stretto poichй %s ti nega l'accesso.;No puedes pasar por este estrecho porque %s no te lo permite.;Sie kцnnen diese Enge nicht passieren, weil %s Ihnen das nicht erlaubt.;Nie moїesz tкdy przejњж - %s nie zezwala na to.;;%s запрещает вам проводить свои корабли через этот пролив. ;;;x,
STRAIT_BLOCKED;You can currently pass through this strait. This is possible as long as you are not at war with %s. ;Vous pouvez actuellement passer par ce dйtroit. C'est possible tant que vous n'кtes pas en guerre contre%s. ;Puoi passare attraverso questo stretto. L'accesso ti viene garantito finchй non dichiari guerra contro %s.;Puedes pasar por este estrecho siempre y cuando no estйs en guerra con %s.;Sie kцnnen im Augenblick diese Enge passieren. Dies bleibt mцglich so lange Sie sich nicht im Krieg mit %s befinden.;Moїesz tкdy przejњж tak dіugo, jak nie pozostajesz w stanie wojny z: %s;;%s позволяет вам проводить корабли через этот пролив до тех пор, пока между вами заключен мир. ;;;x,,
STRAIT_BOS; (Please note that the Bosphorus is a special case, and the controller will only allow through his allies at war.);(Remarquez que le Bosphore est un cas spйcial et le contrфleur permettra seulement а ses allies de passer pendant une guerre.); (Lo stretto del Bosforo и un caso particolare: chi lo controlla garantirа l'accesso solo ai propri alleati.); (El Bуsforo es un caso especial, ya que quien lo controle sуlo permitirб que pasen sus aliados en tiempos de guerra).; Bitte nehmen Sie zur Kenntnis, dass der Bosporus ein Sonderfall ist und der Besitzer im Kriegsfall nur Verbьndeten die Durchfahrt erlaubt.;(Uwaga - Bosfor jest specjalnym przypadkiem - kontroluj№cy cieњninк pozwala korzystaж z niej tylko sojusznikom w czasie wojny.);;(Пролив Босфор является исключением. Держава, контролирующая его, во время войны разрешает проход только кораблям союзников.);;;x
STRAIT_CONTROLLER;The controller of %s decides who goes through this strait.;Le contrфleur du %s decide de qui peut passer par ce dйtroit.;Il possessore di %s decide chi puт passare attraverso lo stretto.;El que controle %s decide quien pasa por este estrecho.; Der Besitzer von %s entscheidet, wer diese Enge passieren darf.;Kontroluj№cy %s decyduje o tym, kto moїe tкdy przejњж.;;Государство, контролирующее провинцию %s, решает, какие державы могут проводить свои корабли через этот пролив. ;;;x,
#;;;;;;;;;;;x,,,
TOVV_MANPOWER;Manpower Growth;Croiss. main d'oeuvre;Incremento forza lavoro;Crecimiento de rec. hum.;Wehrfдhigen-Anstieg;Wzrost zasobуw ludzkich;;Рост людских ресурсов;;;x,,,
TC_AXIS_VP;Axis controlling at least %d Victory Points\n;Contrфle par l'Axe d'au moins %d points de victoire\n;L'Asse controlla almeno %d punti vittoria\n;Eje controlando al menos %d puntos de victoria\n;Die Achsenmдchte haben mindestens %d Siegpunkte\n;Oњ kontroluje przynajmniej %d punktуw zwyciкstwa\n;;Игровые очки (Ось): не менее %d\n;;;x,,,
TC_ALLIES_VP;Allies controlling at least %d Victory Points\n;Contrфle par les alliйs d'au moins %d Points de victoire\n;Gli Alleati controllano almeno %d punti vittoria\n;Aliados controlando al menos %d puntos de victoria\n;Die Alliierten haben mindestens %d Siegpunkte\n;Alianci kontroluj№ przynajmniej %d punktуw zwyciкstwa\n;;Игровые очки (Союзники): не менее %d\n;;;x,,,
TC_COMINTERN_VP;Internationale controlling at least %d Victory Points\n;Contrфle par le Komintern d'au moins %d Points de victoire\n;Il Comintern controlla almeno %d punti vittoria\n;Comintern controlando al menos %d puntos de victoria\n;Die Komintern hat mindestens %d Siegpunkte\n;Komintern kontroluje przynajmniej %d punktуw zwyciкstwa\n;;Игровые очки (Коминтерн): не менее %d\n;;;x,,,
#;;;;;;;;;;;x,,,
#;;;;;;;;;;;x,,,
TCNOT_FLAG;Global Flag '%s' not set\n;Drapeau global %s pas mis en place\n;Bandiera globale '%s' non collocata\n;La bandera global '%s' no estб fijada\n;Globale Flagge '%s' nicht gesetzt\n;Flaga globalna '%s' nie ustawiona\n;;Глобальный флаг '%s' не установлен%s\n;;;X,,,
TCNOT_LOCAL_FLAG;Local Flag '%s' not set\n;Drapeau local %s pas mis en place\n;Bandiera locale '%s' non collocata\n;La bandera local '%s' no estб fijada\n;Lokale Flagge '%s' nicht gesetzt\n;Flaga lokalna '%s' nie ustawiona\n;;Локальный флаг '%s' не установлен%s\n;;;X,
TCNOT_DIVISION;Below %d %s divisions\n;Moins de %d %s des divisions\n;Meno di %d divisioni %s\n;Menos de %d divisiones de %s\n;Unter %d %s Divisionen\n;Poniїej %d %s dywizji\n;;Менее %d дивизий вида %s\n;;;X,
TCNOT_HEAD_OF_STATE;%s is not Head of State\n;%s is n'est pas chef d'йtat\n;%s non и Capo di Stato\n;%s no es Jefe de Estado\n;%s ist nicht Staatschef\n;%s nie jest gіow№ paсstwa\n;;%s не является главой государства\n;;;X,
TCNOT_HEAD_OF_GOV;%s is not Head of Government\n;%s n'est pas chef de gouvernement\n;%s non и Capo del Governo\n;%s no es Jefe de Gobierno\n;%s ist nicht Regierungschef\n;%s nie jest szefem rz№du\n;;%s не является главой правительства\n;;;X,
TCNOT_LEADER_EXISTS;Leader %s is not active\n;Leader %s n'est pas actif.\n;Il comandante %s и inattivo\n;El lнder %s no estб activo\n;Offizier %s ist nicht aktiv\n;Oficer %s nie jest dostкpny\n;;Полководец %s лишен должности\n;;;X,
TCNOT_MINISTER_EXISTS;Minister %s is not active\n;Ministre %s n'est pas actif.\n;Il ministro %s и inattivo\n;El ministro %s no estб activo\n;Minister %s ist nicht aktiv\n;Minister %s nie jest dostкpny\n;;Министр %s лишен должности\n;;;X,
TCNOT_TECH_KNOWN;Tech %s is not known\n;Tech %s n'est pas connue.\n;La tecnologia %s и sconosciuta\n;Tecnologнa de %s desconocida\n;Technologie %s ist nicht erforscht\n;Techn. %s nie jest znana\n;;Технология '%s' не изучена\n;;;X,
TCNOT_TECH_ACTIVE;Tech %s is not active\n;Tech %s n'est pas aktive.\n;La tecnologia %s и inattiva\n;La tecnologнa de %s no estб activa\n;Technologie %s ist nicht Aktiv\n;Techn. %s nie jest aktywna\n;;Технология '%s' не используется\n;;;X,
TCNOT_OIL;Below %d Oil in pool\n;Moins de %d de pйtrole ;Meno di %d di petrolio a disposizione\n;Menos de %d de petrуleo en reserva\n;Unter %d Цl im Lager\n;Poniїej %d ropy w puli\n;;Запасы нефти менее %d\n;;;X,
TCNOT_ENERGY;Below %d Energy in pool\n;Moins de %d d'Energie\n;Meno di %d di energia a disposizione\n;Menos de %d de energнa en reserva\n;Unter %d Energie im Lager\n;Poniїej %d energii w puli\n;;Запасы энергии менее %d\n;;;X,
TCNOT_METAL;Below %d Metal in pool\n;Moins de %d de mйtal\n;Meno di %d di metallo a disposizione\n;Menos de %d de metal en reserva\n;Unter %d Metall im Lager\n;Poniїej %d stali w puli\n;;Запасы металла менее %d\n;;;X,
TCNOT_RARE_MATERIALS;Below %d Rare Materials in pool\n;Moins de %d de matйriaux rares;Meno di %d di materiali rari a disposizione\n;Menos de %d de materiales raros en reserva\n;Unter %d Seltene Materialien sind im Lager\n;Poniїej %d materiaіуw rzadkich w puli\n;;Запасы дефицитного сырья менее %d\n;;;X,
TCNOT_SUPPLIES;Below %d Supplies in pool\n;Moins de %d de ravitaillement\n;Meno di %d di rifornimenti a disposizione\n;Menos de %d de suministros en reserva\n;Unter %d Nachschub sind im Lager\n;Poniїej %d zaopatrzenia w puli\n;;Количество припасов менее %d\n;;;X,
TCNOT_MANPOWER;Below %d available Manpower\n;Moins de %d de main d'oeuvre\n;Meno di %d di forza lavoro a disposizione\n;Menos de %d de rec, hum. disponibles\n;Unter %d Wehrfдhige zugдnglich\n;Poniїej %d dostкpnych zasobуw ludzkich\n;;Людских резервов менее %d\n;;;X
TCNOT_DIFFICULTY;Below Difficulty %s\n;Au dessous de %s difficultй\n;Inferiore alla difficoltа %s\n;Menos de dificultad %s\n;Unter Schwierigkeit %s\n;Stopieс trudnoњci poniїej %s\n;;Сложность ниже: %s\n;;;X,
TCNOT_CONVOY_POOL;Below %d unassigned Convoy Transports\n;Moins de %d des transports de convoi non attribuйs\n;Meno di %d convogli non assegnati\n;Menos de %d convoyes de transporte sin asignar\n;Unter %d freie Konvoitransporter\n;Poniїej %d nie przydzielonych transportowcуw\n;;Не назначенных конвоев менее %d\n;;;X,
TCNOT_EVENT_OCCURRED;Event %s should not have occurred\n;Evйnement %s n'aurais pas du se passer\n;L'evento %s non doveva verificarsi\n;El suceso '%s' no debнa haber ocurrido\n;Ereignis %s hдtte nicht geschehen sollen\n;Wydarzenie %s powinno mieж miejsce\n;;Не должно произойти событие '%s'\n;;;X
TCNOT_RANDOM_CHANCE;%d\%% of occurring\n;%d\%% d'arriver\n;%d\%% di probabilitа che accada\n;%d\%% de que ocurra\n;%d\%% des Vorkommens\n;%d\%% wyst№pienia\n;;%d\%% \n;;;X
TCNOT_LOST_VP;Enemies occupy less than %d\%% of the key points in %s\n;Les ennemis occupent moins de %d\%% des points clйs dans %s\n;I nemici occupano meno del %d\%% dei punti chiave in %s\n;Los enemigos ocupan menos del %d\%% de los puntos clave en %s\n;Die Feinde besetzen weniger als %d\%% der Schlьsselpunkte in %s\n;Wrуg okupuje mniej niї %d\%% kluczowych punktуw w %s\n;;Враг владеет менее %d\%% игровых очков в государстве %s\n;;;X
TCNOT_LOST_NATIONAL;Enemies occupy less than %d\%% of the national provinces in %s\n;Les ennemis occupent moins de %d\%% des provences nationales dans %s\n;I nemici occupano meno del %d\%% delle province nazionali in %s\n;Los enemigos ocupan menos del %d\%% de las provincias nacionales de %s\n;Die Feinde besetzen weniger als %d\%% der nationalen Provinzen in %s\n;Wrуg okupuje mniej niї %d\%% prowincji narodowych w %s\n;;Враг занимает менее %d\%% национальных провинций в государстве %s\n;;;X
TCNOT_LOST_IC;Enemies occupy less than %d\%% of the IC in %s\n;Les ennemis occupent moins de %d\%% des PP dans %s\n;I nemici occupano meno del %d\%% della PI in %s\n;Los enemigos ocupan menos del %d\%% de la CI de %s\n;Die Feinde besetzen weniger als %d\%% der IS in %s\n;Wrуg okupuje mniej niї %d\%% PP w %s\n;;Враг владеет менее %d\%% промышленного потенциала в государстве %s\n;;;X
TCNOT_INTEL_DIFF;Intelligence Advantage is worse than %d\n;l'avantage au niveau Intelligence est infйrieur а %d\n;Il vantaggio in termini di Servizi Segreti и inferiore a %d\n;Superioridad de inteligencia inferior a %d\n;Geheimdienst Vorteil ist schlechter als %d\n;Przewaga wywiadu jest mniejsza niї %d\n;;Превосходство разведки менее %d\n;;;X
TCNOT_DISSENT;Dissent is less than %d\n;le mйcontentement est infйrieur а %d\n;Il dissenso и inferiore a %d\n;Disensiуn inferior a %d\n;Unruhe liegt unter %d\n;Niezadowolenie jest mniejsze niї %d\n;;Недовольство менее %d\n;;;X
TCNOT_GOV_TYPE;Regime is not %s\n;Le rйgime n'est pas %s\n;Il regime non и %s\n;El rйgimen no es %s\n;Das Regime ist nicht %s\n;Reїim nie jest %s\n;;%s не является правящим режимом\n;;;X
TCNOT_IDEOLOGY;Government is not %s\n;Le Gouvernment n'est pas %s\n;Il governo non и %s\n;El gobierno no es %s\n;Die Regierung ist nicht %s\n;Rz№d nie jest %s\n;;%s не является правительством\n;;;X
TCNOT_YEAR;The year is before %d\n;l'annйe est antйrieure а %d\n;L'anno attuale и precedente al %d\n;Aсo anterior a %d\n;Das Jahr ist vor %d\n;Rok %d jeszcze nie nadszedі\n;;До наступления %d года\n;;;X
TCNOT_VP;Victory Points below %d\n;Points de victoire infйrieurs а %d\n;Punti vittoria inferiori a %d\n;Puntos de victoria inferiores a %d\n;Unter %d Siegespunkte\n;Iloњж punktуw zwyciкstwa poniїej %d\n;;Игровых очков менее %d\n;;;X
TCNOT_AT_WAR;At Peace\n;En paix\n;In pace\n;En paz\n;In Frieden\n;Pokуj\n;;В состоянии мира;;;X
TCNOT_AT_WAR_WITH;At Peace with %s\n;En paix avec %s\n;In pace con %s\n;En paz con %s\n;In Frieden mit %s\n;Pokуj z %s\n;;В состоянии мира с государством %s\n;;;X
TCNOT_UNDER_ATTACK;%s is NOT under attack\n;%s n'est PAS attaquй\n;%s NON и sotto attacco\n;%s NO estб bajo ataque\n;%s wird NICHT angegriffen\n;%s nie jest atakowane\n;;Провинция %s НЕ атакована\n;;;X
TCNOT_IS_PUPPET;%s is not a Puppet Nation\n;%s n'est PAS un йtat fantoche\n;%s non и uno stato fantoccio\n;%s no es una naciуn tнtere\n;%s ist KEIN Marionettenstaat;Paсstwo: %s nie jest paсstwem satelickim \n;;%s не является марионеткой\n;;;X
TCNOT_PUPPET;%s is not a Puppet of %s\n;%s n'est pas un йtat fantoche de %s\n;%s non и un governo fantoccio di %s\n;%s no es un tнtere de %s\n;%s ist KEINE Marionette von %s\n;Paсstwo: %s nie jest satelit№ paсstwa: %s\n;;%s не является марионеткой государства %s\n;;;X
TCNOT_OWNED;%s is NOT owned by %s\n;%s n'est PAS la propriйtй de %s\n;%s NON и un possedimento di %s\n;%s NO es propiedad de %s\n;%s ist NICHT Eigentum von %s\n;Prowincja: %s nie jest w posiadaniu paсstwa: %s\n;;%s не принадлежит государству %s\n;;;X,
TCNOT_CONTROLLED;%s is NOT controlled by %s\n;%s n'est PAS contrфlй par %s\n;%s NON и sotto il controllo di %s\n;%s NO estб en control de %s\n;%s wird NICHT von %s kontrolliert\n;Prowincja: %s nie jest pod kontrol№ paсstwa: %s\n;;%s не контролируется государством %s\n;;;X,
TCNOT_GARRISON;Below %d divisions in %s\n;Moins de %d divisions а %s\n;Meno di %d divisioni in %s\n;Menos de %d divisiones en %s\n;Unter %d Divisionen in %s\n;Mniej niї %d dywizji w %s\n;;Менее %d дивизий в провинции %s\n;;;X,
TCNOT_GARRISON_BY;%s has below %d divisions in %s\n;%s A moins de %d divisions а %s\n;%s ha meno di %d divisioni in %s\n;%s tiene menos de %d divisiones en %s\n;%s hat weniger als %d Divisionen in %s\n;Paсstwo: %s posiada mniej niї %d dywizji w %s\n;;%s содержит менее %d дивизий в провинции %s\n;;;X,
TCNOT_CONTINENT;Capital is NOT in %s\n;La Capitale n'est PAS %s\n;La capitale NON и in %s\n;La capital NO estб en %s\n;Hauptstadt ist NICHT %s\n;Stolic№ nie jest %s\n;;Провинция %s НЕ является столицей\n;;;X,
TCNOT_COUNTRY_EXISTS;%s does NOT exists\n;%s n'existe pas\n;%s NON esiste\n;%s NO existe\n;%s existiert nicht\n;Paсstwo: %s nie istnieje\n;;Государство %s НЕ существует\n;;;X,
TCNOT_ELECTION;May NOT hold elections\n;ne peux PAS organiser d'elections\n;Potrebbe NON indire le elezioni\n;No puede celebrar elecciones\n;Kann keine Wahlen abhalten\n;Wybory nie mog№ siк odbyж\n;;НЕЛЬЗЯ проводить выборы\n;;;X,
TCNOT_DOMESTIC;%s below %d\n;%s infйrieur а %d\n;%s inferiore a %d\n;%s inferior a %d\n;%s unter %d\n;%s poniїej %d\n;;%s менее %d\n;;;X,
TCNOT_DIVISION_EXISTS;Division %d %d does not exists\n;La Division %d %d n'existe pas\n;La divisione %d %d non esiste\n;La divisiуn %d %d no existe\n;Division %d %d existiert nicht\n;Dywizja %d %d nie istnieje\n;;Не существует дивизия %d %d\n;;;X,
TCNOT_DIVISION_IN_PROV;Division %d %d is not in %s\n;La Division %d %d ,'est pas а %s\n;La divisione %d %d non и in %s\n;La divisiуn %d %d no estб en %s\n;Division %d %d ist nicht in %s\n;Dywizja %d %d nie znajduje siк w %s\n;;Дивизия %d %d не находится в провинции %s\n;;;X
TCNOT_BELLIGERENCE_OF;Belligerence of %s is below %d\n;La Belligerence de %s est infйrieure а %d\n;La belligeranza di %s и inferiore a %d\n;La beligerancia de %s es inferior a %d\n;Die Kriegslust von %d ist unter %s\n;Wojowniczoњж paсstwa: %s jest poniїej %d\n;;Агрессивность государства %s ниже %d\n;;;X,
TCNOT_BELLIGERENCE;Current Belligerence is at least %d\n;La Belligerence actuelle est au moins а %d\n;La belligeranza attuale и almeno %d\n;La beligerancia actual es de al menos %d\n;Momentane Kriegslust liegt bei mindestens %d\n;Aktualna wojowniczoњж wynosi minimum %d\n;;Текущая агрессивность не менее %d\n;;;X,
TCNOT_WAR;%s NOT at war with %s\n;%s n'est PAS en guerre avec %s\n;%s NON и in guerra con %s\n;%s NO estб en guerra con %s\n;%s ist NICHT im Krieg mit %s\n;%s nie prowadzi wojny z %s\n;;%s НЕ воюет с государством %s\n;;;X,
TCNOT_ACCESS;%s is NOT granting access to %s\n;%s ne propose PASl'accиs militaire а %s\n;%s NON garantisce l'accesso a %s\n;%s NO concede acceso a %s\n;%s gibt %s KEINE Durchmarschgenehmigung\n;%s nie daje dostкpu do %s\n;;%s НЕ дает права прохода государству %s\n;;;X,
TCNOT_NON_AGGRESSION;%s and %s does NOT have a non-aggression pact\n;%s et %s n'ont PAS de pacte de non-agression\n;%s e %s NON hanno siglato un patto di non-belligeranza\n;%s y %s NO tienen un pacto de no agresiуn\n;%s und %s haben KEINEN Nichtangriffspakt\n;%s i %s nie podpisali paktu o nieagresji\n;;Государства %s и %s НЕ заключили пакт о ненападении\n;;;X,
TCNOT_GUARANTEE;%s does NOT guarantees the independence of %s\n;%s ne garantit PAS l' indйpendence de %s\n;%s NON garantisce l'indipendenza di %s\n;%s NO garantiza la independencia de %s\n;%s garantiert NICHT die Unabhдngigkeit von %s\n;%s nie gwarantuje niepodlegіoњci paсstwu: %s\n;;%s НЕ гарантирует независимость государства %s\n;;;X,
TCNOT_TRADE;%s and %s have NO trade agreements\n;%s et %s n'ont AUCUN traitй commercial\n;%s e %s NON hanno siglato un accordo commerciale\n;%s y %s NO tienen acuerdos comerciales\n;%s und %s haben KEINE Handelsabkommen\n;%s i %s nie podpisali їadnych umуw handlowych\n;;Государствами %s и %s НЕ заключены торговые соглашения\n;;;X,,,,,,,,,,,,,,,,,,,,,,,,,,
TCNOT_ALLIED;%s is NOT allied with %s\n;%s n'est PAS alliй avec %s\n;%s NON и un alleato di %s\n;%s NO estб en alianza con %s\n;%s ist NICHT mit %s alliiert\n;%s nie jest sojusznikiem: %s\n;;%s НЕ является союзником государства %s\n;;;X,,,,,,,,,,,,,,,,,,,,,,,,,,
TCNOT_VP_RANGE;Victory Points outside the range between %d and %d;Le total de Points de Victoire n'est pas compris entre %d et %d;La somma dei punti vittoria non и compresa tra %d e %d;Puntos de victoria fuera del margen entre %d y %d;Siegpunkte ausserhalb der Spanne von %d und %d;Iloњж punktуw zwyciкstwa poza wartoњciami pomiкdzy %d i %d;;Количество игровых очков не находится в пределах от %d до %d\n;;;x,,,,,,,,,,,,,,,,,,,,,,,,,,
TCNOT_AXIS_VP;Axis controls below %d Victory Points\n;L'Axe contrфle moins de %d Points de victoire\n;L'Asse controlla meno di %d punti vittoria\n;El Eje controla menos de %d puntos de victoria\n;Die Achsenmдchte kontrollieren unter %d Siegpunkte\n;Paсstwa osi kontroluj№ poniїej %d punktуw zwyciкstwa\n;;У держав Оси менее %d игровых очков\n;;;x,,,,,,,,,,,,,,,,,,,,,,,,,,
TCNOT_ALLIES_VP;Allies control below %d Victory Points\n;Les alliйs contrфlent moins de %d Points de victoire\n;Gli Alleati controllano meno di %d punti vittoria\n;Los Aliados controlan menos de %d puntos de victoria\n;Die Alliierten kontrollieren unter %d Siegpunkte\n;Alianci kontroluj№ poniїej %d punktуw zwyciкstwa\n;;У держав Союзников менее %d игровых очков\n;;;x,,,,,,,,,,,,,,,,,,,,,,,,,,
TCNOT_COMINTERN_VP;Internationale control below %d Victory Points\n;Le Komintern contrфle moins de %d Points de victoire\n;Il Comintern controlla meno di %d punti vittoria\n;El Comintern controla menos de %d puntos de victoria\n;Die Komintern kontrolliert unter %d Siegpunkte\n;Komintern kontroluje poniїej %d punktуw zwyciкstwa\n;;У держав Коминтерна менее %d игровых очков\n;;;x,,,,,,,,,,,,,,,,,,,,,,,,,,
TCNOT_MONTH;It is before month %d.;Nous n'en sommes pas encore au mois %d.;Non siamo ancora al mese %d.;Es antes del mes: %d.;Die Zeit ist bevor Monat %d.;Miesi№c %d jeszcze nie nast№piі.;;Месяц %d еще не наступил.\n;;;x,,,,,,,,,,,,,,,,,,,,,,,,,,
#;;;;;;;;;;;x,,,,,,,,,,,,,,,,,,,,,,,,,,
REORG_AIR_CAP_SIZE;You can not have airstacks larger than %d airwings.;Vous ne pouvez pas aligner d'armйe Aйrienne dйpassant %d escadrilles.;Non puoi assegnare allo stesso schieramento aereo piщ di %d squadroni.;No puedes tener mбs de %d escuadrillas en una agrupaciуn aйrea;Sie kцnnen keine Geschwader mit mehr als %d Einheiten haben.;Nie moїesz tworzyж grup powietrznych wiкkszych niї skіadaj№cych siк z %d skrzydeі.;;Вы не можете иметь более %d авиадивизий в одном соединении;;;x,,,,,,,,,,
TERRAIN_PLAINS;Plains;Plaines;Pianure;Llanuras;Ebene;Rуwniny;;Равнины;;;x,,,,,,,,,,
TERRAIN_FOREST;Forest;Forкt;Foresta;Bosque;Wald;Las;;Леса;;;x,,,,,,,,,,
TERRAIN_MOUNTAIN;Mountain;Montagne;Montagna;Montaсa;Gebirge;Gуry;;Горы;;;x,,,,,,,,,,
TERRAIN_DESERT;Desert;Dйsert;Deserto;Desierto;Wьste;Pustynia;;Пустыни;;;x,,,,,,,,,,
TERRAIN_MARSH;Marsh;Marais;Palude;Pantano;Sumpf;Moczary;;Болота;;;x,,,,,,,,,,
TERRAIN_HILLS;Hills;Collines;Colline;Colinas;Hьgel;Wzgуrza;;Холмы;;;x,,,,,,,,,,
TERRAIN_JUNGLE;Jungle;Jungle;Giungla;Jungla;Dschungel;Dїungla;;Джунгли;;;x,,,,,,,,,,
TERRAIN_URBAN;Urban;Urbain;Urbano;Ciudad;GroЯstadt;Teren. Zabud.;;Город;;;x,,,,,,,,,,
TERRAIN_OCEAN;Ocean;Ocйan;Oceano;Ocйano;Ozean;Ocean;;Океан;;;x,,,,,,,,,,
TERRAIN_RIVER;River;Fleuve;Fiume;Rнo;Fluss;Rzeka;;Река;;;x,,,,,,,,,,
TERRAIN_NONE;None;Aucun;Nessuno;Nada;Nichts;Nic;;Нет;;;x,,,,,,,,,,,,,,,,,,,,,,,,,,,,,,,,,,,
AA_POWER;- (Flak Power: %.0f\%%);- (Puissance anti-Aйrienne: %.0f\%%);- (Potenza contraerea: %.0f\%%);- (Pot. fuego AA: %.0f\%%);- (Flak Stдrke: %.0f\%%);- (Siіa Flak: %.0f\%%);;- (Мощь зенитной артиллерии: %.0f\%%);;;x,,,,,,,,,,,,,,,,,,,,,,,,,,,,,,,,,,,
CONVOY_NOTNEEDED;There is already a large enough stockpile at the destination so the convoy does not need to run today.;Il y a dйjа un stock suffisant а la destination, donc le convoi est inactif aujourd'hui.;Oggi non и necessario far partire i convogli: il deposito di destinazione ha giа riserve a sufficienza.;Ya hay una reserva bastante grande en le lugar de destino, por lo que el convoy hoy no ha de partir.;Es gibt bereits genьgend Nachschub am Zielort, also muss der Konvoi heute nicht operieren.;W miejscu przeznaczenia jest doњж towarуw, a wiкc konwуj nie musi dziњ wypіywaж.;;Запасы в пункте назначения достаточно велики, поэтому сегодня конвой не отправился в путь.;;;x,,,,,,,,,,,,,,,,,,,,,,,,,,,,,,,
DIPROL_INV77;A puppet can not invite anyone to any alliances.;Un йtat fantoche ne peut inviter quiconque dans une quelconque alliance.;Uno stato fantoccio non puт invitare un nuovo membro nell'alleanza.;Un tнtere no puede invitar a nadie a alianza alguna.;Ein Marionettenstaat kann keine Einladung zu einem Militдrbьndnis aussprechen.;Paсstwo satelickie nie moїe nikogo zapraszaж do sojuszu.;;Страна-марионетка не может приглашать новых членов альянса.;;;x,,,,,,,,,,,,,,,,,,,,,,,,,,,,,,,,,,,
ROL_TC_BASES;\n  Undeployed Bases: %.2f;\n  Bases non dйployйes: %.2f;\n  Basi non ancora schierate: %.2f;\n  Bases sin desplegar: %.2f;\n  Stьtzpunkte im Pool: %.2f;\n Nie rozmieszczone bazy: %.2f;;\n  Не установленные базы: %.2f;;;x,,,,,,,,,,,,,,,,,,,,,,,,,,,,,,,,,,,
ROL_TC_DEVS;\n  Undeployed Provincial Development: %.2f;\n  dйveloppement provincial non dйployй: %.2f;\n  Sviluppo provinciale non ancora schierato: %.2f;\n  Desarrollo provincial sin desplegar: %.2f;\n  Provinzinstallationen im Pool: %.2f;\n Nie rozmieszczone dobra w prowincjach: %.2f;;\n  Не установленные строения: %.2f;;;x,,,,,,,,,,,,,,,,,,,,,,,,,,,,,,,,,,,
INV_DEM;%s is demanding parts of your territory.;%s demande une part de vфtre territoire.;%s pretende parte del tuo territorio.;%s reclama partes de tu territorio.;%s verlangt Til Ihres Territoriums.;%s ї№da czкњci naszego terytorium.;;%s требует часть нашей территории.;;;x,,,,,,,,,,,,,,,,,,,,,,,,,,,,,,,,,,,
DIPROL_GUARANTEE_NOGO;You can not guarantee anyone if you are an isolationistic (interventionism < 5) democracy.;Vous ne pouvez pas garantir l'indйpendance de quiconque en tant que dйmocratie isolationniste (interventionisme < 5).;Se controlli una democrazia isolazionista (interventismo < 5) non puoi garantire l'indipendenza di una nazione.;No puedes garantizar a nadie si eres una democracia aislacionista (intervencionismo <5).;Sie kцnnen als Isolationistische Demokratie keine Garantien aussprechen. (Interventionismus < 5);Nie moїesz nikomu daж gwarancji jeїeli jesteњ demokracj№ izolacjonistyczn№ (interwencjonizm <5);;Вы не можете гарантировать независимость, если являетесь демократией с изоляционизмом >5.;;;x,,,,,,,,,,,,,,,,,,,,,,,,,,,,,,,,,,,
EE_NEW_PATTERN;A new weather system of %s forms over %s.;Un nouveau systиme mйtйorologique %s se forme au dessus de %s.;Una nuova condizione meteorologica di %s si forma sopra %s.;El fenуmeno climбtico '%s' se forma sobre %s.;Eine neues Wettersystem von %s formiert sich ьber %s;Nowe warunki pogodowe: %s nad prowincj№: %s;;Смена погоды: %s устанавливается в провинции %s.;;;x,,,,,,,,,,,,,,,,,,,,,,,,,,,,,,,,,,,
EE_END_PATTERN;The %s weather over %s dissipates.;La mйtйo %s au dessus de %s se dissipe.;La condizione meteorologica di %s sopra %s и scomparsa.;El fenуmeno '%s' se disipa sobre %s.;Das %s Wetter ьber %s lцst sich auf;Warunki pogodowe: %s nad prowincj№: %s przejaњniaj№ siк;;Смена погоды: %s в провинции %s рассеивается.;;;x,,,,,,,,,,,,,,,,,,,,,,,,,,,,,,,,,,,
PARTISAN_EXPL;Base Revolt Risk is %d percent.\nCurrently Suppressing %d percent.\n;Le risque de base de rйvolte est de %d pourcent.\nActuellement sont supprimйs %d pourcent.\n;Il rischio base di rivolta и del %d percento.\nAttualmente viene soppresso il %d percento.\n;El riesgo de levantamiento bбsico es de un %d por ciento.\nNeutralizado actualmente un %d por ciento.\n;Basis-Revoltenrisiko betrдgt %d Prozent.\nDerzeit werden %d Prozent unterdrьckt;Zagroїenie buntem wynosi: %d procent.\nAktualnie pacyfikujemy %d procent.\n;;Риск восстания: %d проц.\nВ данный момент подавляется: %d проц.\n;;;x,,,,,,,,,,,,,,,,,,,,,,,,,,,,,,,,,,,,,,,,,,,,,,,,,,,,,,,,,,,,,,,,,,,,,,,,,,,,,,,,,,,,,,,,,,
RCDM_COUNTERS;Use Counters;Utiliser les Compteurs;Utilizza contatori;Fichas;Benutze Spielsteine;Uїyj їetonуw;;Значки НАТО;;;x,,,,,,,,,,,,,,,,,,,,,,,,,,,,,,,,,,,,,,,,,,,,,,,,,,,,,,,,,,,,,,,,,,,,,,,,,,,,,,,,,,,,,,,,,,
RCDM_SPRITES;Use Sprites;Utiliser les Sprites;Utilizza animazioni;Figuras animadas;Benutze Animationen;Uїyj ikon;;Спрайты;;;x,,,,,,,,,,,,,,,,,,,,,,,,,,,,,,,,,,,,,,,,,,,,,,,,,,,,,,,,,,,,,,,,,,,,,,,,,,,,,,,,,,,,,,,,,,
TC_ATTACK;%s has declared war on them.;%s leur a dйclarй la guerre;%s ha dichiarato loro guerra.;%s ha declarado guerra contra ellos.;%s hat ihnen den Krieg erklдrt.;Paсstwo: %s wypowiedziaіo im wojnк.;;%s объявляет им войну.\n;;;x,,,,,,,,,,,,,,,,,,,,,,,,,,,,,,,,,,,,,,,,,,,,,,,,,,,,,,,,,,,,,,,,,,,,,,,,,,,,,,,,,,,,,,,,,,
TCNOT_ATTACK;%s has NOT declared war on them.;%s NE leur a pas dйclarй la guerre.;%s NON ha dichiarato loro guerra.;%s NO ha declarado guerra contra ellos.;%s hat ihnen NICHT den Krieg erklдrt.;Paсstwo: %s NIE wypowiedziaіo im wojny.;;%s НЕ объявляет им войну.\n;;;x,,,,,,,,,,,,,,,,,,,,,,,,,,,,,,,,,,,,,,,,,,,,,,,,,,,,,,,,,,,,,,,,,,,,,,,,,,,,,,,,,,,,,,,,,,
SYNC_ARRIVAL;Synchronize Arrival;Synchroniser les arrivйes.;Sincronizza l'arrivo;Llegada Sincronizada;Ankunft abstimmen.;Skoord. przybycie;;Синхронизовать прибытие;;;x
CONVOY_NOPATH;The path to that port is completely blocked.;Le chemin de ce port est complиtement bloquй.;L'accesso a quel porto и completamente bloccato.;El paso hacia el puerto es totalmente bloqueado.;Die Route zu diesem Hafen is vцllig blockiert.;Droga do portu jest zablokowana;;Путь в этот порт полностью заблокирован.;;;x,,,,,,,,,,,,,,,,,,,,,,,,,,,,,,,,,,,,,,,,,,,,,,,,,,,,,,,,,,,,,,,,,,,,,,,,,,,,,,,,,,,,,,,,,,
RESEARCH;research;recherche;ricerca;Investigaciуn;Forschung;Badania;;(исследование);;;x,,,,,,,,,,,,,,,,,,,,,,,,,,,,,,,,,,,,,,,,,,,,,,,,,,,,,,,,,,,,,,,,,,,,,,,,,,,,,,,,,,,,,,,,,,
;;;;;;;;;;;
#EOF;;;;;;;;;;;
#EOF;;;;;;;;;;;
;;;;;;;;;;;X,,,,,,,,,,,,,,,,,,,,,,,,,,,,,,,,,,,,,,,,,,,,,,,,,,,,,,,,,,,,,,,,,,,,,,,,,,,,,,
;;;;;;;;;;;x,,,,,,,,,,,,,,,,,,,,,,,,,,,,,,,,,,,,,,,,,,,,,,,,,,,,,,,,,,,,,,,,,,,,,,,,,,,,,,
