EVT_340100_NAME;Imperial Rule Assistance Society;
EVT_340100_DESC;All political parties have been voluntarily disbanded in the interest of the Emperor of Japan, seated on the throne and representing a divine succession that has been unbroken for ages. Our Imperial subjects must do their duties faithfully and diligently. Our Empire needs to mobilize against all enemies who don't accept our generous offers of friendship and fail to comprehend our Empire's far-sighted goal of world peace.;
EVT_340100_OPTIONA;Glory to the Rising Sun! Banzai! Banzai!;
EVT_340101_NAME;Civil disobedience in Niigata;
EVT_340101_OPTIONA;Send in the army;
EVT_340101_OPTIONB;Increase the police forces;
EVT_340101_OPTIONC;Negotiate with the dissenters;
EVT_340002_NAME;Spread of the Niigata riots;
EVT_340002_DESC;Despite our efforts, the uprising of workers in Niigata Prefecture is still ongoing. Not only that but it has escalated out of our control: Inspired by the Nagaoka protests, trade unions in cities all across the Home Islands have begun spreading rumors about a nationwide general strike.;
EVT_340002_OPTIONA;Declare Martial Law;
EVT_340002_OPTIONB;Increase the police force;
EVT_340002_OPTIONC;Negotiation is still the best way;
EVT_340102_NAME;Dissenters' demands;
EVT_340102_OPTIONA;Try to appease dissenters;
EVT_340102_OPTIONB;Refuse such preposterous ideas!;
EVT_340103_NAME;The death of Prime Minister Inukai;
EVT_340103_DESC;After the turmoil that has engulfed our great nation, a small group of dissidents have assassinated the Prime Minister. The great tragedy is that it was in front of H.I.M. and now His Majesty has taken a direct interest in what is to be done.;
EVT_340103_OPTIONA;Reform and set up a democratic government;
EVT_340103_OPTIONB;Dissolve the Diet and establish a military council;
EVT_341104_NAME;Ending the martial law?;
EVT_341104_DESC;As the Niigata Riots were beginning to take form, we decided to introduce a series of special pieces of legislation which would, in practice, allow for martial law to be implemented in certain regions. Now that the riots have begun to fade and the workers are returning to their factories, it would be wise to return these areas to normal governance.;
EVT_341104_OPTIONA;Revoke martial law;
EVT_341104_OPTIONB;Extend martial law to all of Japan;
EVT_340104_NAME;Kodoha or Toseiha;
EVT_340104_DESC;Unfortunately the two factions cannot agree on anything and now H.I.M. must choose which shall lead in his name.;
EVT_340104_OPTIONA;Kodoha, to return to the true origins of the samurai;
EVT_340104_OPTIONB;Toseiha, for the protection of the Empire;
EVT_9999901_NAME;The Emperor has been shot!;
EVT_9999901_DESC;His Imperial Majesty Hirohito has been shot by a radical Syndicalist who was infuriated by the miltary takeover of the nation, His Majesty is in critical condition and the doctors are not sure if he will live...;
EVT_9999901_OPTIONA;Hirohito makes a miraculous revovery!;
EVT_9999901_OPTIONB;His Majesty is dead, Prince Chichibu becomes regent.;
EVT_9999902_NAME;A second Meiji restoration?;
EVT_9999902_DESC;It has been three years since Prince Chichibu became regent for his nephew Akihito but now many in the radical Kodoha clique, which the regent supports, have now told the regent they would help him in overthrow his nephew and become Emperor himself.;
EVT_9999902_OPTIONA;All hail Emperor Yasuhito!;
EVT_9999902_OPTIONB;That would be wrong. He is the true emperor.;
EVT_9999903_NAME;Prime Minister Hayashi Senjuro is dead!;
EVT_9999903_DESC;Prime Minister Hayashi has died today. The Emperor should appoint a new member of the Toseiha for the position but will he?;
EVT_9999903_OPTIONA;The Emperor appoints Hideki Tojo.;
EVT_9999903_OPTIONB;The Emperor appoints Tetsuzan Nagata.;
EVT_9999903_OPTIONC;The Kodoha faction takes control!;
EVT_9999904_NAME;Hayashi Senjuro dies;
EVT_9999904_DESC;A member of the Toseiha and a General in our army, Hayashi Senjuro, has died today.;
EVT_9999904_OPTIONA;Yasuraka ni nemuru;
EVT_9999905_NAME;Prince Chichibu is dead!;
EVT_9999905_DESC;The brother of the Emperor and a member of the Kohoda clique has died today.;
EVT_9999905_OPTIONA;Yasuraka ni nemuru;
EVT_9999906_NAME;Prince Chichibu is dead!;
EVT_9999906_DESC;Regent for his nephew since the assassination of Emperor Showa, has died today, Akihito will now assume full powers as Emperor.;
EVT_9999906_OPTIONA;All Hail Emperor Akihito!;
EVT_9999907_NAME;Emperor Yasuhito is dead!;
EVT_9999907_DESC;Having assumed the Throne in a so called 2nd Meiji Restoration, Emperor Yasuhito could not escape from those who called him a usurper and in the west he was called 'the Japanese Richard III', his posthumous name will be Go-Meiji, however with no children of his own, Akihito will now finnaly become Emperor.;
EVT_9999907_OPTIONA;All Hail Emperor Akihito!;
EVT_340105_NAME;Dissolving the Japanese-Entente Accords;
EVT_340105_DESC;Japan had fought with France and England in the Weltkreig. However the lack of success had all but destroyed Japan’s willingness to stay with their allies. His Majesty the Emperor, wishing to give Japan as many choices as possible, decided to dissolve the accords and with it many of our relations with the Entente.;
EVT_340105_OPTIONA;It is time to find our own path;
EVT_340106_NAME;1936 Japanese General election;
EVT_340106_DESC;The time has come for a new general election. With the main and opposition parties now running, the choices are more varied than they have been since the late 19th century. After the elections were complete, His Majesty the Emperor has asked the new Prime Minister to form his cabinet.;
EVT_340106_OPTIONA;Conservative Seiyukai defends the absolute majority;
EVT_340106_OPTIONB;Liberal Minseito gains a major victory;
EVT_340121_NAME;1940 Japanese General election;
EVT_340121_OPTIONA;Conservative Seiyukai defends the absolute majority;
EVT_340121_OPTIONB;Liberal Minseito gains a major victory;
EVT_340121_OPTIONC;Socialist Taishuto sweeps the rural areas;
EVT_340124_NAME;1944 Japanese General election;
EVT_340124_DESC;Every four years according to our constition we hold a general election and the winner chooses the prime minister to serve in the Emperor's cabinet. Who shall win?;
EVT_340124_OPTIONA;Conservative Seiyukai defends the absolute majority;
EVT_340124_OPTIONB;Liberal Minseito gains a major victory;
EVT_340124_OPTIONC;Socialist Taishuto sweeps the rural areas;
EVT_340125_NAME;1948 Japanese General election;
EVT_340125_DESC;Every four years according to our constition we hold a general election and the winner chooses the prime minister to serve in the Emperor's cabinet. Who shall win?;
EVT_340125_OPTIONA;Conservative Seiyukai defends the absolute majority;
EVT_340125_OPTIONB;Liberal Minseito gains a major victory;
EVT_340125_OPTIONC;Socialist Taishuto sweeps the rural areas;
EVT_340126_NAME;1952 Japanese General election;
EVT_340126_DESC;Every four years according to our constition we hold a general election and the winner chooses the prime minister to serve in the Emperor's cabinet. Who shall win?;
EVT_340126_OPTIONA;Conservative Seiyukai defends he absolute majority;
EVT_340126_OPTIONB;Liberal Minseito gains the major victory;
EVT_340126_OPTIONC;Socialist Taishuto sweeps the rural areas;
EVT_340127_NAME;1956 Japanese General election;
EVT_340127_DESC;Every four years according to our constition we hold a general election and the winner chooses the prime minister to serve in the Emperor's cabinet. Who shall win?;
EVT_340127_OPTIONA;Conservative Seiyukai defends the absolute majority;
EVT_340127_OPTIONB;Liberal Minseito gains a major victory;
EVT_340127_OPTIONC;Socialist Taishuto sweeps the rural areas;
EVT_340128_NAME;1960 Japanese General election;
EVT_340128_DESC;Every four years according to our constition we hold a general election and the winner chooses the prime minister to serve in the Emperor's cabinet. Who shall win?;
EVT_340128_OPTIONA;Conservative Seiyukai defends he absolute majority;
EVT_340128_OPTIONB;Liberal Minseito gains a major victory;
EVT_340128_OPTIONC;Socialist Taishuto sweeps the rural areas;
EVT_340129_NAME;A New 1281;
EVT_340129_DESC;Our mortal enemies have made successful landings on our sacred islands! The nation must fully mobilize in order to stop them!...;
EVT_340129_OPTIONA;We will stop them !;
EVT_340130_NAME;Status of Taiwan;
EVT_340130_DESC;A decision on Taiwan's status must be made. The island have been under Japanese control since 1895 and though the Japanese language is wide-spread throughout the island, Chinese is still the most commonly used language. The Qing Empire, as well as every nationalist faction on the Chinese mainland, claims Taiwan and as long as Chinese is the most popular language, we fear that the Taiwanese people might seek protection from the Qing Empire if an opportunity is given. Something must be done!;
EVT_340130_OPTIONA;Fully integrate Taiwan into the Empire!;
EVT_340130_OPTIONB;No change is needed;
EVT_340130_OPTIONC;They shall be granted independence... On our terms;
EVT_340131_NAME;Integration of Taiwan;
EVT_340131_DESC;Our policies on Taiwan were succesful and now Taiwan is now firmly integrated into our glorious Empire!;
EVT_340131_OPTIONA;Good;
EVT_343000_NAME;Toppling the German Empire;
EVT_343000_DESC;The selection of Germany as the largest threat to Japan was almost a given. Japanese grevencies were many and competition between the two was fierce over China. Electing to go after Germany lead to another big question, how should we go about it?;
EVT_343000_OPTIONA;If Germany loses influence in China, it will start a domino effect !;
EVT_343000_OPTIONB;Concentrate on German colonies in pacific !;
EVT_343001_NAME;The Great Railway Incident;
EVT_343001_DESC;China had long been in the eyes of Japan. To the south of Manchuria laid the Qing Empire. As part of the diplomatic treaty, Japan had allowed a major railway to run between the two nations as a symbol of unity. Ironically, the railway would serve as a reason to push for war. The colonel of the garrison staged an incident that resulted in the death of 25 Manchurians and 12 Japanese with the blame being placed on the neighboring Qing garrison.;
EVT_343001_OPTIONA;Territory will be fitting compensation;
EVT_343001_OPTIONB;Demand financial sanctions and monetary compensation;
EVT_343001_OPTIONC;A Show of Force is the only course of action!;
EVT_343002_NAME;The Great Railway Incident;
EVT_343002_DESC;China had long been in the eyes of Japan. To the south of Manchuria laid the Qing Empire. As part of the diplomatic treaty, Japan had allowed a major railway to run between the two nations as a symbol of unity. Ironically, the railway would serve as a reason to push for war. The colonel of the garrison staged an incident that resulted in the death of 25 Manchurians and 12 Japanese with the blame being placed on the neighboring Qing garrison.;
EVT_343002_OPTIONA;Territory will be fitting compensation;
EVT_343002_OPTIONB;Demand financial sanctions and monetary compensation;
EVT_343002_OPTIONC;A Show of Force is the only course of action!;
EVT_343003_NAME;Territorial Demands;
EVT_343003_DESC;Japan has claimed that our garisson has fired upon and killed 25 Manchurians and 12 Japanese and as a result, they are demanding that we turn over our northern border with them for safety of their Manchurian allies.;
EVT_343003_OPTIONA;Give into the demands of the Japanese;
EVT_343003_OPTIONB;Put our fate in Berlin's hands, appeal to Germany for Intervention;
EVT_343003_OPTIONC;Reject their demands outright;
EVT_343004_NAME;The Qing Empire bows to our demands;
EVT_343004_DESC;The threat of Japanese power was enough to bend the so called Qing Emperor to our will. ;
EVT_343004_OPTIONA;Glory to the Land of the Rising Sun!;
EVT_343005_NAME;The Qing Asks for Intervention;
EVT_343005_DESC;The Qing Empire has appealed to us to arbitrate over a dispute involving the death of 25 Manchurians and 12 Japanese.;
EVT_343005_OPTIONA;The Japanese claims are fabricated, reject them;
EVT_343005_OPTIONB;Offer a compromise to appease the Japanese;
EVT_343005_OPTIONC;Back Japan in their demands;
EVT_350106_NAME;German backs Japan !;
EVT_350106_DESC;Our decision to let German Empire mediate dispute between us and Japan ended in disaster. German Empire, not wishing another conflict in the Far East decided to back up Japaneese claims. What shall we do ?.;
EVT_350106_OPTIONA;Give into the demands of the Japanese;
EVT_350106_OPTIONB;Reject their demands outright;
EVT_343006_NAME;A German-Backed Qing refuses our Demands;
EVT_343006_DESC;The German lapdogs, the Qing have gained their master's support and they have rejected the generous offer put fourth by our government;
EVT_343006_OPTIONA;No Matter, we will carry through!;
EVT_343006_OPTIONB;We must bide our time, Let them think we have backed down;
EVT_343006_OPTIONC;The Stakes are too high, we must back down;
EVT_343007_NAME;Japan Attacks the Qing and German Empires;
EVT_343007_DESC;After causing an incident with the Qing Empire, Japan declared war on us and the Qing and the Fengtein soon followed suit.;
EVT_343007_OPTIONA;We must Ally with the Qing;
EVT_343007_OPTIONB;They will stand seperately;
EVT_343008_NAME;Our Demands Rejected;
EVT_343008_DESC;The German lapdogs, the Qing have rejected the generous offer put fourth by our government and they have failed to gain their Master's support.;
EVT_343008_OPTIONA;What they will not politely give, we shall take!;
EVT_343008_OPTIONB;We must bide our time, Let them think we have backed down;
EVT_343008_OPTIONC;What were we thinking? Back Down!;
EVT_343009_NAME;Offer of Appeasement;
EVT_343009_DESC;The cowardly Qing, fearing Japanese preditions appealed to Germany for help. Germany put forward a compromise offer to Japan. Qing Empire will be forced to adjust its borders slightly, but we must accept its independence and existing borders.;
EVT_343009_OPTIONA;Their offer is fair, we accept the German's comprimise;
EVT_343009_OPTIONB;This is offer is not worth the paper it is written on!;
EVT_343010_NAME;Comprimise;
EVT_343010_DESC;The Germans have offered both sides a comprimise. We give our portion of Inner Mongolia to the Japanese in exchange for peace and afterwards, we sign a Non-Aggression Pact to ensure peace in the future.;
EVT_343010_OPTIONA;Three Worthless Provinces in exchange for Peace? Its a deal;
EVT_343010_OPTIONB;We won't give them an inch!;
EVT_343011_NAME;The Qing Empire Accepts The Comprimise;
EVT_343011_DESC;The Qing have accepted the German engineered Comprimise, and we have received the Qing held territory in the Inner Mongolia region, as well as signing a Pact of Non-Aggression.;
EVT_343011_OPTIONA;Huzzah! Our Fengtian allies will administrate the new territory!;
EVT_343012_NAME;The Qing Empire Accepts The Comprimise;
EVT_343012_DESC;The Qing have accepted the German engineered Comprimise, and we have received the Qing held territory in the Inner Mongolia region, as well as signing a Pact of Non-Aggression.;
EVT_343012_OPTIONA;Huzzah!;
EVT_343015_NAME;The Qing refuses the German Comprimise;
EVT_343015_DESC;The Qing have arrogantly refused the German engineered Comprimise.;
EVT_343015_OPTIONA;Then what they shall not give, we shall take!;
EVT_343014_NAME;The Negotiations Break Down; The War Begins;
EVT_343014_DESC;After the Qing Empire refused the comprimise we carefully engineered, Japan declared war and the Fengtein followed suit.;
EVT_343014_OPTIONA;We must Protect the Qing; Declare War on Japan!;
EVT_343014_OPTIONB;We tried to solve the conflict peacefully, we can not afford war;
EVT_343050_NAME;Japanese Sanctions and Monetary Compensasion;
EVT_343050_DESC;Japan has claimed that our garisson has fired upon and killed 25 Manchurians and 12 Japanese and as a result, they have placed sanctions on us and demanded monetary compensation.;
EVT_343050_OPTIONA;Give into the demands of the Japanese;
EVT_343050_OPTIONB;Reject their demands outright;
EVT_343100_NAME;The Qing appeal for help;
EVT_343100_DESC;Japan has launched a series of strikes along the Qing border. The Qing have called for our aid in repelling the Japanese attack.;
EVT_343100_OPTIONA;Japanese expansion into Asia must be stopped at all costs!;
EVT_343100_OPTIONB;We must help the Qing, but we can not get militarily involved;
EVT_343100_OPTIONC;Japan is justified, we refuse to get involved;
EVT_343500_NAME;The Fading Sun;
EVT_343500_DESC;After the utter defeat of the Imperial Japanese Army, our imperial army controls huges swathes of land in Manchuria and Korea whilst the IJN are reduced to attempting mere blockades. Our man in Tokyo reports severe dissent and war weariness amongst the populace. In light of this, the government has called a conference in occupied Port Arthur to determine our war aims.;
EVT_343500_OPTIONA;Humiliate the Empire of the Setting Sun!;
EVT_343500_OPTIONB;We push for total victory!;
EVT_343501_NAME;The Fading Sun;
EVT_343501_DESC;This is a dark day for the Empire of the Sun. Chinese forces have ousted our men from their vital bases in Manchuria and Korea. On top of this, a declaration has been sent out from Port Arthur by the imperial government offering terms that demand our surrender of all territories on the Chinese mainland as well as the return of Taiwan and independence of Korea.;
EVT_343501_OPTIONA;We yield because we have no choice;
EVT_343501_OPTIONB;Japan will never surrender! Banzai!;
EVT_343502_NAME;The Qing defeats Japan and Korea is freed;
EVT_343502_DESC;The Qing have nearly unified China!;
EVT_343502_OPTIONA;Horrible!;
EVT_343503_NAME;Japan is defeated and Korea is freed;
EVT_343503_DESC;We have retaken our ancestral homeland of Manchuria, and now Korea is under our control!;
EVT_343503_OPTIONA;Huzzah!;
EVT_343504_NAME;Transamur is isolated;
EVT_343504_DESC;After the Empire of China pushed the Japanses back to their own Island, Transamur has been in chaos. The Japanese Elite have fled back to their home and the country is in chaos. The people are ready to depose of Kolchak and return to the Motherland's Control.;
EVT_343504_OPTIONA;Move in and bring Transamur back under our Control;
EVT_343505_NAME;The Fading Sun;
EVT_343505_DESC;The Japaneese empire has been utterly defeated by their mortal enemies and forced to surrender all of their mainland territory. We may be able to force them to make a similar deal with us.;
EVT_343505_OPTIONA;Demand all territory outside Japan itself;
EVT_343505_OPTIONB;The war will continue until we see fit;
EVT_343506_NAME;The Germans demand our oversea territory;
EVT_343506_DESC;After being defeated by our mortal enemies, the Germans are now demanding that we turn over all our remaining territory outside our own sacred soil to them.;
EVT_343506_OPTIONA;We Give up! As long as our sacred homeland is intact!;
EVT_2011513_NAME;Qing Empire was defeated;
EVT_2011513_DESC;The war with the Empire of Japan and their lackeys now seems hopeless. It may be time to sue for peace.;
EVT_2011513_OPTIONA;How humiliating! Sue for peace.;
EVT_2011513_OPTIONB;Our empire shall fight to the bitter end!;
EVT_343700_NAME;Qing Empire was defeated;
EVT_343700_DESC;Following a series of bloody battles along the Qing border, the Qing government had realized that they were too weak to defend against the might of the Japanese Empire and capitulated. Now with Japanese forces occupying the Qing capital, it must be decided what shall be done with the Qing.;
EVT_343700_OPTIONA;We will control the Chinese from the shadows...;
EVT_343700_OPTIONB;The Manchurians will keep the Chinese people under control;
EVT_343700_OPTIONC;Set up new regime in Northern China !;
EVT_343700_OPTIOND;Total conquest is preferable..;
EVT_343701_NAME;The Transfer of China;
EVT_343701_DESC;After the surrender of the Qing Empire, Japan has given us their former territory and expects us to keep it under our control for them.;
EVT_343701_OPTIONA;We Won't Let Them Down!;
EVT_350100_NAME;Alliance with Siam ?;
EVT_350100_DESC;In order to secure pathways for our expansionism against German Empire and its allies it is imperative to secure alliance with Siam as it is located nearby many German key positions in Pacific, namely Singapore, Indochina and Brunei. We can promise them territorial gain on account of German Empire in order to get them to join our alliance.;
EVT_350100_OPTIONA;Send proposition;
EVT_350100_OPTIONB;There is no need for alliance;
EVT_350101_NAME;Japanese proposal;
EVT_350101_DESC;Japanese Empire has approached us with interesting proposal. Since Japan plans war with German Empire and its allies in Pacific it needs us in its alliance block, since we are located near many crucial German colonies in Pacific. In order to gain our approval, Japan promise us entire Malay peninsula together with Indochina after end of victorious war against German Empire. Do we want to join Co-prosperity sphere and risk potentially lethal conflict with German Empire ?;
EVT_350102_NAME;Siam joins Co-prosperity sphere !;
EVT_350102_DESC;Siam accepted our offer to drive out Germans and their lackeys from Asia and joined Co-prosperity sphere ! ;
EVT_350102_OPTIONA;Welcome!!;
EVT_350103_NAME;Our colonial empire is endangered !;
EVT_350103_OPTIONA;Invite Burma into Mitteleuropa !;
EVT_350103_OPTIONB;There is no need for alliance;
EVT_350104_NAME;German proposal;
EVT_350105_NAME;Burma joins Mitteleuropa !;
EVT_350105_DESC;Burma accepted our offer to stop expansion of Japan and its lackeys in Indochina and joined Mitteleuropa alliance ! ;
EVT_350105_OPTIONA;Welcome!!;
EVT_350107_NAME;Involvement of AOG !;
EVT_350107_DESC;With eruption of the grand military conflict in Asia , some important members of general staff have suggested to directly involve our colony AOG into war conflict, since its vast armies and strategical location could decisively turn war in our favor. Still AOG board of directors warns us, that although they are willing to help motherlnad, this effort could seriously destabilize fragile stability of this colony...;
EVT_350107_OPTIONA;Involve AOG into Asian war !;
EVT_350107_OPTIONB;There is no need for alliance;
EVT_350108_NAME;War in Asia !;
EVT_350108_DESC;With eruption of the grand military conflict in Asia German Empire despite our pleads decided to involve our colony into war. There is not much to decide on this matter, as we can not disobey direct order from Berlin......;
EVT_350109_NAME;AOG joins our war effort in Asia !;
EVT_350109_DESC;AOG board of directors accepted our order and its vast ,albeit untrained armies are finally involved into war conflict in Asia !;
EVT_350109_OPTIONA;Welcome!!;
EVT_350095_NAME;Germany is Losing Its War;
EVT_350095_DESC;Our mortal enemy, Imperial Germany, is losing its war.  Perhaps it is the best time to issue an ultimatum in which we will demand all German lands in Asia ?  The time of liberation is at hand.;
EVT_350095_OPTIONA;Issue Ultimatum;
EVT_350095_OPTIONB;Do Nothing;
EVT_350096_NAME;Germany is Losing Its War;
EVT_350096_DESC;Our mortal enemy, Imperial Germany, is losing its war.  Perhaps it is the best time to issue an ultimatum in which we will demand all German lands in Asia?  The time of liberation is at hand.;
EVT_350096_OPTIONA;Issue Ultimatum;
EVT_350096_OPTIONB;Do Nothing;
EVT_350097_NAME;The Japanese have Issued an Ultimatum;
EVT_350097_DESC;The Japanese Consul in Saigon has delivered a letter from Tokyo.  The news is really bad; since we have lost the war and were forced to capitulate, we have lost all might and power in Asia, and the Japanese like hungry vultures are going to incorporate our Asian colonies into their Co-Prosperity Sphere.;
EVT_350097_OPTIONA;WAR;
EVT_350097_OPTIONB;Capitulate;
EVT_350098_NAME;The Japanese have Issued an Ultimatum;
EVT_350098_DESC;The Japanese Consul in Saigon has delivered a letter from Tokyo.  The news is really bad; since we have lost the war and were forced to capitulate, we have lost all might and power in Asia, and the Japanese like hungry vultures are going to incorporate our Asian colonies into their Co-Prosperity Sphere.;
EVT_350098_OPTIONA;WAR;
EVT_350098_OPTIONB;Capitulate;
EVT_350099_NAME;The Germans have Refused Our Ultimatum;
EVT_350099_DESC;The stubborn and foolish Germans will pay for their arrogance.  Let the war begin!;
EVT_350099_OPTIONA;TORA TORA TORA;
EVT_350099_OPTIONB;Now is Not the Time for War;
EVT_350110_NAME;German colonial possesions in our hands;
EVT_350110_DESC;Our glorious armed forces have succesfully captured every part of German colonial possesion in Asia. The most of generality is convinced that our grand victories should allow us to dictate terms of peace with German Empire favorable to us...;
EVT_350110_OPTIONA;We have achieved all our goals !;
EVT_350110_OPTIONB;Continue with armed struggle;
EVT_350111_NAME;Japan offers peace;
EVT_350111_DESC;After series of crushing land and naval defeats, our forces were completely pushed from Asian theatre. Victorious Empire of the Rising sun, achieving all its goals have offered us peace treaty in which we will recognize all territorial gain achieved by Japan and withdrawn all our remaining forces from Asia....;
EVT_350111_OPTIONA;We have no choice...;
EVT_350111_OPTIONB;Continue with armed struggle;
EVT_350112_NAME;Choosing strategic directions;
EVT_350112_DESC;With German colonial possesions in Asia secured, we must now choose our next step in reienforcing co-prosperity sphere. We can either choose to expand in different startegic directions or give up our expansionist plans.;
EVT_350112_OPTIONA;We must secure China for co-prosperity sphere !;
EVT_350112_OPTIONB;Let us orientate anew;
EVT_350112_OPTIONC;Abandon expansionism, we have achieved our goals !;
EVT_350113_NAME;Choosing strategic directions;
EVT_350113_DESC;With territory of China secured, we must now choose our next step in reienforcing co-prosperity sphere. We can either choose to expand in different startegic directions or give up our expansionist plans.;
EVT_350113_OPTIONA;We must seize German colonial possesions !;
EVT_350113_OPTIONB;Let us orientate anew;
EVT_350113_OPTIONC;Abandon expansionism, we have achieved our goals !;
EVT__NAME;An ultimatum to Germany ?;
EVT__DESC;With the recent war that sparked between Germany and the Internationale, we could use the opportunity to claim our rightfull role as the sole great power in Asia and in the Pacific: we must demand all German Pacific possessions as well as their Chinese concessions. If they don't meet our demands... Well... They just can't fight a war in Europe and Asia at the same time, can them?;
EVT__OPTIONA;We can't afford this war right now;
EVT__OPTIONB;Consult this matter with Russia;
EVT__OPTIONC;Demand the German colonies;
EVT_2191540_NAME;Japanese ultimatum;
EVT_2191540_DESC;For months already, the Japanese Empire has expressed their ambitions towards our Chinese and Pacific holdings, as part of their expansionist policies. Today, the Japanese ambassador to Berlin has presented us an ultimatum: they demand that we surrender our possessions in China and in the Pacific, or else we will face their arms...;
EVT_2191540_OPTIONA;Don't even bother answering;
EVT_2191540_OPTIONB;Agree to their demands;
EVT_2011501_NAME;Germany refuses our ultimatum;
EVT_2011501_DESC;Germany did not deliver any answer to our ultimatum. We must mobilize to war and secure our place as the sole great power in East Asia!;
EVT_2011501_OPTIONA;Declare war!;
EVT_2011501_OPTIONB;Back down, we can't rist a war;
EVT__NAME;Germany accepts our conditions;
EVT__DESC;Germany has accepted our conditions. This is not so surprising after all: they wouldn't dare face our mighty arms!;
EVT__OPTIONA;Great!;
EVT_2011503_NAME;Japanese ambitions;
EVT_2011503_DESC;For months already, the Japanese Empire has expressed their ambitions towards German Chinese and Pacific holdings, as part of their expansionist policies. Today, the Japanese ambassador in our capital secretly informed us, that Japan is ready to make its move against German colonial possesions and they are requesting our support in this matter...;
EVT_2011503_OPTIONA;Give them the Green Light;
EVT_2011503_OPTIONB;Time is not right...;
EVT__NAME;Qing Empire is isolated;
EVT__DESC;With the recent war that sparked between Germany and the Internationale, we could use the opportunity to claim our rightfull role in China. Qing Empire is weak and it should not be hard to force to accept all our economical and political requests. If they don't meet our demands, they will be forced to face our glorious armed forces !;
EVT__OPTIONA;We can't afford war right now;
EVT__OPTIONB;Declare war outright !;
EVT__OPTIONC;Consult this matter with Russia;
EVT__OPTIOND;Demand political and economical concessions;
EVT_2011505_NAME;Japanese ambitions;
EVT_2011505_DESC;For months already, the Japanese Empire has expressed their ambitions towards establishing a new order in China, as part of their expansionist policies. Today, the Japanese ambassador in our capital secretly informed us, that Japan is ready to make its move against everyone who dares to oppose new order and they are requesting our support in this matter...;
EVT_2011505_OPTIONA;Give them the Green Light;
EVT_2011505_OPTIONB;Time is not right...;
EVT_2011506_NAME;Russia supports our ambitions !;
EVT_2011506_DESC;Russian state during secret meeting accepted our ambitions regarding new order in China as reasonable and offered full support of the russian armed forces in this endavour. We are free to launch invasion of China with support of our powerfull ally !;
EVT_2011506_OPTIONA;Declare war outright !;
EVT_2011506_OPTIONB;Time is not right...;
EVT_2011507_NAME;Japan atacks Qing Empire !;
EVT_2011507_DESC;With eruption of the grand military conflict in Asia , some important members of general staff have suggested to directly involve our colony AOG into war conflict, since its vast armies and strategical location could decisively turn war in our favor. Still AOG board of directors warns us, that although they are willing to help motherlnad, this effort could seriously destabilize fragile stability of this colony...;
EVT_2011507_OPTIONA;Qing Empire must not fall !;
EVT_2011507_OPTIONB;There is nothing we can do.....;
EVT_2011508_NAME;German offer;
EVT_2011508_DESC;German diplomatic ambassador on behalf of government in Berlin offered our homeland military support of the German Empire in our struggle with Japan and its lackeys. How shall we react ?;
EVT_2011509_NAME;Qing Empire joins our war effort in Asia !;
EVT_2011509_DESC;Qing Empire accepted our offer and now they are part of our grand Mitteleuropa alliance !;
EVT_2011509_OPTIONA;Welcome!!;
EVT_2011510_NAME;Japanese demands;
EVT_2011510_DESC;Since eruption of the conflict in the western Europe, German positions in Asia were seriously weakened. Japan seeing this decided to use this opportunity to force us into submission. Their ambasador have brought us official demand from Japanese government regarding political and economical restructurization of our state. Accepting this would mean an end of our state as an independent nation. Hovewer fighting obviously strong Japan could mean complete disaster for us and entire China. How shall we react ?;
EVT_2011511_NAME;Submission of the Qing Empire !;
EVT_2011511_DESC;Qing Empire was forced to accept all our economical and political demands. Our diplomacy have succesfully secured Qing Empire as part of the Great Co-Prosperity sphere !;
EVT_2011511_OPTIONA;Another victory of Japanese diplomacy !;
EVT_2011512_NAME;Qing Empire refused our demands;
EVT_2011512_DESC;In show of absolute arrogance, government of the Qing Empire outright refused our reasonable demands, calling them insane and absurd. How shall we react to this slight against Japanese nation ?;
EVT_2011512_OPTIONA;We can't afford this war right now;
EVT_2011512_OPTIONB;Declare war outright !;
EVT_2011512_OPTIONC;Consult this matter with Russia;
EVT_342000_NAME;The Japanese Age of Colonialism;
EVT_342000_DESC;Japan decided in order to build a proper nation, they must look beyond their region as Germany had appeared for Japan to be too tough to face. There are many directions we can expand in, the American continent to the East, Indonesia, IndoChina and Australaisa to the South or, if we are to be so bold, we can claim everything in the name of the Empire!;
EVT_342000_OPTIONA;We must focus on the weaker powers in the region;
EVT_342000_OPTIONB;Australasia is ripe for Japanese occupation;
EVT_909504_NAME;Status of Philippines;
EVT_909504_DESC;After fall of United States into civil war, Philippines are left in dangerous world, full of various countries wanting to get numerous resources of Philippines. We, Japanese people, dream of united Asia, under our reasonable leadership. The first step of this union is to get Philippines into Greater East Asia Co-Prosperity Sphere.;
EVT_909504_OPTIONA;Invite Philippians to Greater East Asia Co-Prosperity Sphere;
EVT_909504_OPTIONB;We must bring them into fold !;
EVT_909504_OPTIONC;Do nothing;
EVT_909504_OPTIOND;An absurd notion, we will bring them into fold by force !;
EVT_909508_NAME;Status of Philippines;
EVT_909508_DESC;After fall of United States into civil war, Philippines are left alone. Such perfect oportunity must be fully used. Phillipines are potentially a perfect shelter for our navy and airforce, which will allow us to project our influence far into Pacific.;
EVT_909508_OPTIONA;Invite Philippians to Greater East Asia Co-Prosperity Sphere;
EVT_909508_OPTIONB;We must bring them into fold !;
EVT_909508_OPTIONC;Do nothing;
EVT_909508_OPTIOND;An absurd notion, we will bring them into fold by force !;
EVT_909509_NAME;Japan threatens us!;
EVT_909509_DESC;A large Japanese task force has sailed into the islands and is threatening to attack us if we do not bow to their demand of full surrender!;
EVT_909509_OPTIONA;Resist them and call for help!;
EVT_909509_OPTIONB;Surrender is our only option;
EVT_909511_NAME;Philippines begs for help;
EVT_909511_DESC;Japan is pounding at the door of Philipines and they have come to us begging for assistance. Should we respond?;
EVT_909511_OPTIONA;Offer our protection;
EVT_909511_OPTIONB;We can not strech ourselves so far.;
EVT_909512_NAME;Philippines resists with Canadian backing;
EVT_909512_DESC;Philippines are resisting our demands and Canadian state is backing their claim to independence;
EVT_909512_OPTIONA;We will destroy them anyways;
EVT_909512_OPTIONB;Back down, we can return later;
EVT_909513_NAME;Philippines resists without Canadian backing;
EVT_909513_DESC;Philippines are resisting our demands and the Canadian state is refusing to send aid. We should make them pay for this in blood.;
EVT_909513_OPTIONA;We will destroy them;
EVT_909513_OPTIONB;Back down, we can return later;
EVT_909510_NAME;Philippines Surrenders!;
EVT_909510_DESC;Seeing might of our forces , Philippines had no chance, but to ulimately submit before brave sons of nippon !;
EVT_909510_OPTIONA;Victory;
EVT_909505_NAME;Japan invites us to Greater East Asia Co-Prosperity Sphere;
EVT_909505_DESC;Japanese seeing the empty space after Americans decided to leave, have invited us to their alliance. It could be chance to make us rich and prosperous but it can be deadly as Japan needs new markets and wnats to spread its political influence.;
EVT_909505_OPTIONA;Yes, we gladly accept;
EVT_909505_OPTIONB;Turn to Entente for protection;
EVT_909505_OPTIONC;Turn to Mitteleuropa for protection;
EVT_909505_OPTIOND;We prefer isolation;
EVT_909506_NAME;Philippines want to join Entente!;
EVT_909506_DESC;Due to Japanese expansion, Philippines decided to forge an alliance with us. We are far from Philippines and we have different goals, but we need as many allies, as we can.;
EVT_909506_OPTIONA;Yes, they can be our allies;
EVT_909506_OPTIONB;We can't trust them;
EVT_909507_NAME;Canada doesn't want us in Entente;
EVT_909507_DESC;We have to face the truth - Japanese or dangerous isolation. The choice is ours;
EVT_909507_OPTIONA;Japanese are trustworthy allies;
EVT_909507_OPTIONB;Isolation is better;
EVT_909515_NAME;Philippines want to join Mitteleuropa!;
EVT_909515_DESC;Due to Japanese expansion, Philippines decided to forge an alliance with us. We are far from Philippines and we have different goals, but we need as many allies, as we can.;
EVT_909515_OPTIONA;Yes, they can be our allies;
EVT_909515_OPTIONB;We can't trust them;
EVT_909516_NAME;German Empire doesn't want us in Mitteleuropa;
EVT_909516_DESC;We have to face the truth - Japanese or dangerous isolation. The choice is ours;
EVT_909516_OPTIONA;Japanese are trustworthy allies;
EVT_909516_OPTIONB;Isolation is better;
EVT_909514_NAME;Philippines refused our offer;
EVT_909514_DESC;Philippines are refused our offer to become member of Co-prosperity sphere. Such transgression should not be tolerated !;
EVT_909514_OPTIONA;We will destroy them;
EVT_909514_OPTIONB;Back down, we can return later;
EVT_344000_NAME;Dealing with Hawaii;
EVT_344000_DESC;With the USA in chaos the Islands of Hawaii have declared their independence. They are weak and could provide a an easy target for expanding our influence in the region;
EVT_344000_OPTIONA;We must show force;
EVT_344000_OPTIONB;Use diplomatic pressures;
EVT_344000_OPTIONC;Leave them alone, America is dangerous;
EVT_344020_NAME;Dealing with Hawaii;
EVT_344020_DESC;With the USA in chaos the Islands of Hawaii have declared their independence. They are weak and could provide a an easy target for expanding our influence in the region;
EVT_344020_OPTIONA;We must show force;
EVT_344020_OPTIONB;Use diplomatic pressures;
EVT_344020_OPTIONC;Leave them alone, America is dangerous;
EVT_344001_NAME;What is our goal?;
EVT_344001_DESC;We have arranged for a naval taskforce to head to the Hawaii to force their government into submission. What is the overarcing goal of the expedition?;
EVT_344001_OPTIONA;Annexation;
EVT_344001_OPTIONB;Bring them into the fold;
EVT_344001_OPTIONC;Military Access;
EVT_344002_NAME;Japan threatens us!;
EVT_344002_DESC;A large Japanese task force has sailed into the islands and is threatening to attack us if we do not bow to their demand of full surrender!;
EVT_344002_OPTIONA;Resist them and call for help!;
EVT_344002_OPTIONB;Surrender is our only option;
EVT_344003_NAME;Hawaii Surrenders!;
EVT_344003_DESC;A victory!;
EVT_344003_OPTIONA;Victory;
EVT_344004_NAME;Japan threatens us!;
EVT_344004_DESC;A large Japanese task force has sailed into the islands and is threatening to attack us if we do not bow down to them and accept their control over our future!;
EVT_344004_OPTIONA;Resist them and call for help!;
EVT_344004_OPTIONB;Surrender is our only option;
EVT_344005_NAME;Hawaii Surrenders!;
EVT_344005_DESC;A victory!;
EVT_344005_OPTIONA;Victory;
EVT_344006_NAME;Japan threatens us!;
EVT_344006_DESC;A large Japanese task force has sailed into the islands and is threatening to attack us if we do not bow down to them and accept giving their forces access to our islands;
EVT_344006_OPTIONA;Resist them and call for help!;
EVT_344006_OPTIONB;Not really worth fighting now is it;
EVT_344007_NAME;Hawaii Surrenders!;
EVT_344007_DESC;A victory!;
EVT_344007_OPTIONA;Victory;
EVT_344008_NAME;What is our goal?;
EVT_344008_DESC;We have arranged for a diplomatic envoy to head to the Hawaii to force their government into submission. What is the overarcing goal of the expedition?;
EVT_344008_OPTIONA;Alliance;
EVT_344008_OPTIONB;Bring them into the fold;
EVT_344008_OPTIONC;Military Access;
EVT_344009_NAME;Japan's Diplomatic efforts;
EVT_344009_DESC;A high level envoy from Japan has brought a plan that would guarentee our independence while giving Japan the military bases it needs to secure the Pacific Ocean. It is likely that a negative answer will be taken well....;
EVT_344009_OPTIONA;Accept;
EVT_344009_OPTIONB;Resist them and call for help!;
EVT_344010_NAME;Japan's Diplomatic efforts;
EVT_344010_DESC;A high level envoy from Japan has brought a plan that would guarentee our independence while giving Japan the military bases it needs to secure the Pacific Ocean. It is likely that a negative answer will be taken well....;
EVT_344010_OPTIONA;Resist them and call for help!;
EVT_344010_OPTIONB;Surrender is our only option;
EVT_344011_NAME;Japan's Diplomatic efforts;
EVT_344011_DESC;A high level envoy from Japan has brought a plan that would guarentee our independence while giving Japan the military bases it needs to secure the Pacific Ocean. It is likely that a negative answer will not be taken well....;
EVT_344011_OPTIONA;Resist them and call for help!;
EVT_344011_OPTIONB;Not really worth fighting now is it;
EVT_344012_NAME;Hawaii begs for help;
EVT_344012_DESC;Japan is pounding at the door of Hawaii and they have come to us begging for assistance. Should we respond?;
EVT_344012_OPTIONA;Offer our protection;
EVT_344012_OPTIONB;They left us, Remember;
EVT_343013_NAME;Hawaii begs for help;
EVT_343013_DESC;Japan is pounding at the door of Hawaii and they have come to us begging for assistance. Should we respond? With the Civil War now may not be the time to start things with Japan...;
EVT_343013_OPTIONA;Offer our protection;
EVT_343013_OPTIONB;They left us, Remember;
EVT_344014_NAME;Hawaii resists with American backing;
EVT_344014_DESC;Hawaii is resisting our demands and the Pacific States of America are backing their claim to independance;
EVT_344014_OPTIONA;We will destroy them anyways;
EVT_344014_OPTIONB;Back down, we can return later;
EVT_344015_NAME;Hawaii resists with American backing;
EVT_344015_DESC;Hawaii is resisting our demands and the Pacific States of America are refusing to send aid. We should make them pay for this in blood.;
EVT_344015_OPTIONA;We will destroy them;
EVT_344015_OPTIONB;Back down, we can return later;
EVT_344016_NAME;Choosing strategic directions;
EVT_344016_DESC;With territories of Philiphines, Hawaii and Netherland East Indies secured, we must now choose our next step in reienforcing co-prosperity sphere. We can either choose to expand in different startegic directions or give up our expansionist plans.;
EVT_344016_OPTIONA;We must focus upon Australasia !;
EVT_344016_OPTIONB;Let us orientate anew;
EVT_344016_OPTIONC;Abandon expansionism, we have achieved our goals !;
EVT_344017_NAME;Choosing strategic directions;
EVT_344017_DESC;With territory of Australasian confederation secured, we must now choose our next step in reienforcing co-prosperity sphere. We can either choose to expand in different startegic directions or give up our expansionist plans.;
EVT_344017_OPTIONA;We must focus on the weaker powers in the region !;
EVT_344017_OPTIONB;Let us orientate anew;
EVT_344017_OPTIONC;Abandon expansionism, we have achieved our goals !;
EVT_344018_NAME;Report from Far East;
EVT_344018_DESC;Our secret service reported that Japan considers to invade Indonesia in order to gain dominance in the Southern Pacific. Such drastical step means direct threat to stability of the entire Eastern Asia arrangement, which is currently set in our favor. What shall we do ?;
EVT_344018_OPTIONA;Japan must be stopped;
EVT_344018_OPTIONB;We don't care about Indonesia;
EVT_344019_NAME;Report from Far East;
EVT_344019_DESC;The German Kaiser declared clearly that his Empire would fully support and protect Indonesia if any nation tries to invade them. It would be most unwise to underestimate it, despite troubles they are facing on the homefront. How shall we react to this statement ?;
EVT_344019_OPTIONA;Who cares?;
EVT_344019_OPTIONB;Let us orientate new;
EVT_344019_OPTIONC;Give up our plans of expansion;
EVT_344026_NAME;The Empire of Japan invade Netherlands East India;
EVT_344026_DESC;Combined forces of the Empire of Japan have launched invasion of Netherlands East India. This invasion threatens to disrupt balance of powers in favour of Japan. Shall we warn yellow monkies about foolishness of their actions or let Netherlands East India fall into their hands ?;
EVT_344026_OPTIONA;Warn them to turn back or face german arms!;
EVT_344026_OPTIONB;Back Down! We've changed our minds!;
EVT_344021_NAME;The Germans Send an Ultimatum;
EVT_344021_DESC;The Second Reich has Sent an Ultimatum to Tokyo. We are to either pull out of Netherlands East India and declare a cease fire or Germany will come to Holland's aid.;
EVT_344021_OPTIONA;We will not risk war with Germany, Back to the Boats!;
EVT_344021_OPTIONB;We do not answer to Germany !;
EVT_344022_NAME;The Ultimatum, Berlin Warns Tokyo;
EVT_344022_DESC;Germany has come to our aid! They have sent an ultimatum to the Japanese Empire, either fall back to their home islands or risk annihilation.;
EVT_344022_OPTIONA;We Knew They'd Pull Through For Us!;
EVT_344023_NAME;The Japanese Empire Backs Down;
EVT_344023_DESC;After the ultimatum was received by Tokyo, they quickly sent orders to all their commanders on the ground to cease fire and return to the coast. We have achieved a diplomatic victory today, we have shown the world we will stand up to Japanese agression, and we will protect any nation under threat from Japan !;
EVT_344023_OPTIONA;Diplomacy Has Achieved Peace Once Again!;
EVT_344024_NAME;The Japanese Ignore our Ultimatum;
EVT_344024_DESC;After the ultimatum was received by Tokyo, they ignored it and are advancing into Indonesia, clearly ignoring our ultimatum. We can either go through and declare war, bringing Netherlands into our alliance or we can stand down and let Netherlands East India fall.;
EVT_344024_OPTIONA;They have made their choice, war it is!;
EVT_344024_OPTIONB;Back Down! We've changed our minds!;
EVT_344025_NAME;The Japanese Pull out of Indonesia;
EVT_344025_DESC;After the ultimatum was received by Tokyo, they quickly sent orders to all their commanders on the ground to cease fire and return to the coast. Our colonial emprire and our pride remain intact.;
EVT_344025_OPTIONA;We couldn't have done it without Germany!;
EVT_340300_NAME;The Japanese Northern Expansion;
EVT_340300_DESC;The collapse of the Russian government has left their borders open. With Primorsk already under Japanese control, expansion into Siberia is tempting and Kolchak has been waiting to bring all of Siberia under his, our control. Even Mongolia is a prime candidate, but now it is time to make our decision. The invasion is planned for years 1938-1939.;
EVT_340300_OPTIONA;Russia is the best option of all; The Bigger they Are, The Harder They Fall!;
EVT_340300_OPTIONB;We must gain control over Siberia !;
EVT_340300_OPTIONC;Mongolia is a threat to the stability of the region, it must be dealt with!;
EVT_340300_OPTIOND;Both shall be destroyed !;
EVT_340301_NAME;Report from Far East;
EVT_340301_DESC;Our secret service reported that Japan considers to invade Russia in order to gain control over Siberia. Such drastical step means direct threat to stability of the entire Eastern Asia arrangement, which is currently set in our favor. What shall we do ?;
EVT_340301_OPTIONA;Japan must be stopped;
EVT_340301_OPTIONB;We don't care about Russia;
EVT_340302_NAME;Report from Far East;
EVT_340302_DESC;The German Kaiser declared clearly that his Empire would fully support Russia if any nation tries to invade them. It would be most unwise to underestimate them, despite troubles they are facing on the homefront. How shall we react to this statement ?;
EVT_340302_OPTIONA;Who cares?;
EVT_340302_OPTIONB;Let us orientate new;
EVT_340302_OPTIONC;Give up our plans of expansion;
EVT_340321_NAME;Operation Kuma;
EVT_340321_DESC;Before the Russo-Manchurian and -Transamurian borders our troops are positioned and ready to invade. First of all we should bring Russian pacific coast under our control. Simultaneously we should push forward Yakutsk and Novosibirsk.;
EVT_340321_OPTIONA;Declare war.;
EVT_340340_NAME;Incorporate the Russians?;
EVT_340340_DESC;In 1921 Mongolia occupied part of Russian siberian provinces. Across this provinces a section of the Trans-Siberian railroad is located and Russia takes a great interest to regain their land. Until now only their internal and military weakness discourage them to do it by force. But now, with Russia stable their interests shifted to this part of world once more. We can greatly speed our invasion if we allow Russia to take part in our plans to remove Mongolian state as threat to stability in the Eastern Asia;
EVT_340340_OPTIONA;Invite the Russians;
EVT_340340_OPTIONB;Leave the Russians out;
EVT_340341_NAME;The Japanese offer;
EVT_340341_DESC;In 1921 tratcherous mongolians occupied part of our Siberian provinces. Across this provinces a large sections of the critically important Transsiberian railroad are located. Until now only our internal and military weakness discourage us to retake them by force. But now Japaneese Empire, which views Mongolian state as threat to stability in the Eastern Asia offered us to participate on their plans to conquer Mongolia.;
EVT_340341_OPTIONA;An excellent proposition.;
EVT_340341_OPTIONB;This have to wait.;
EVT_340342_NAME;Pact of Vladivostok signed;
EVT_340342_DESC;In Vladivostok at the behest of their head of states a russian and japanese delegation signed a agreement to invade Mongolia together. After the defeat of Mongolia Russia will get their former land. In turn Russia will give us free reign within Mongolia.;
EVT_340342_OPTIONA;Excellent;
EVT_340343_NAME;Pact of Vladivostok signed;
EVT_340343_DESC;In Vladivostok at the behest of their head of states a russian and japanese delegation signed a agreement to invade Mongolia together. After the defeat of Mongolia we will get our stolen territories back. In turn we will give Japan free reign within Mongolia.;
EVT_340343_OPTIONA;Excellent;
EVT_340344_NAME;Russia refused our offer;
EVT_340344_DESC;Russia refused our proposition to invade Mongolia together. Once again the Russian state has shown the world its utter weakness.;
EVT_340344_OPTIONA;So we have to do it alone.;
EVT_340345_NAME;Operation Tsunami;
EVT_340345_DESC;The Pact of Vladivostok was signed. On the Mongolian borders Russian and Japanese troops are waiting for orders. It's time to invade this rogue state and bring stability to this part of world !;
EVT_340345_OPTIONA;Declare war on Mongolia.;
EVT_340346_NAME;Operation Tsunami;
EVT_340346_DESC;The Pact of Vladivostok was signed. On the Mongolian borders Russian and Japanese troops are waiting for orders. It's time to retake back what is ours !.;
EVT_340346_OPTIONA;Declare war on Mongolia.;
EVT_340346_OPTIONB;We have changed our mind;
EVT_340369_NAME;Choosing strategic directions;
EVT_340369_DESC;With territory of Siberia secured, we must now choose our next step in reienforcing co-prosperity sphere. We can either continue our expansion westwards, into Mongolia our choose different startegic direction.;
EVT_340369_OPTIONA;Mongolia is a threat to the stability of the region, it must be dealt with!;
EVT_340369_OPTIONB;Let us orientate anew;
EVT_340369_OPTIONC;Abandon expansionism, we have achieved our goals !;
EVT_340370_NAME;Choosing strategic directions;
EVT_340370_DESC;With territory of Mongolia under our firm control, we must now choose our next step in reienforcing co-prosperity sphere. We can either continue our expansion northwards, into Siberia our choose different startegic direction.;
EVT_340370_OPTIONA;Focus upon Russia;
EVT_340370_OPTIONB;Focus upon Siberia;
EVT_340370_OPTIONC;Let us orientate anew;
EVT_340370_OPTIOND;Abandon expansionism, we have achieved our goals !;
EVT_340361_NAME;Choosing strategic directions;
EVT_340361_DESC;With territory of Siberia and Mongolia secured, we must now choose our next step in reienforcing co-prosperity sphere. We can either choose to expand in different startegic directions or give up our expansionist plans.;
EVT_340361_OPTIONA;Let us orientate anew;
EVT_340361_OPTIONB;Abandon expansionism, we have achieved our goals !;
EVT_340371_NAME;Operation Tsunami;
EVT_340371_DESC;On the Mongolian borders Japanese troops are waiting for orders. It's time to invade Mongolia and bring stability to this part of world !;
EVT_340371_OPTIONA;Declare war on Mongolia;
EVT_340372_NAME;Operation Kuma;
EVT_340372_DESC;On the Siberian borders Japanese troops are waiting for orders. It's time to invade Siberia and bring stability to this part of world !;
EVT_340372_OPTIONA;Declare war on Siberia;
EVT_340375_NAME;Operation Kuma;
EVT_340375_DESC;Belong the Manchurian and Transamurian borders our troops are positioned and ready to invade. First of all we should bring Russian pacific coast under our control and defeat Mongolia as far as possible. Simultaneously we should push forward Yakutsk and Lake Baikal.;
EVT_340375_OPTIONA;Declare war.;
EVT_341030_NAME;Mongolia is defeated;
EVT_341030_DESC;Joint armed forces of Japan and Russia forced Mongolians to cease futile resistance and sign unconditional surrender before representatives of both nations. Fate of Mongolia is now in our hand.;
EVT_341030_OPTIONA;Occupy Mongolia !;
EVT_341030_OPTIONB;Install friendly regime...;
EVT_341031_NAME;Mongolia is defeated;
EVT_341031_DESC;Armed forces of Japanese Empire forced Mongolians to cease their futile resistance and sign unconditional surrender before representatives of our nation. Fate of Mongolia is now in our hand.;
EVT_341031_OPTIONA;Occupy Mongolia !;
EVT_341031_OPTIONB;Install friendly regime...;
EVT_340366_NAME;Mongolia in disarray;
EVT_340366_DESC;With territories of Mongolian state in turmoil, we have great oportunity to seize control over stolen parts of Trans-Siberian railway. There is very little that either Mongolia or Japan can do to stop us at this point.;
EVT_340366_OPTIONA;Seize Northern Mongolia !;
EVT_340366_OPTIONB;Rather not;
EVT_340362_NAME;Mongolia in disarray;
EVT_340362_DESC;With territories of Mongolian state in turmoil, we have great oportunity to seize control over stolen parts of Trans-Siberian railway. There is very little that either Mongolia or Japan can do to stop us at this point.;
EVT_340362_OPTIONA;Seize Northern Mongolia !;
EVT_340362_OPTIONB;Rather not;
EVT_340367_NAME;Russia seize northern Mongolia !;
EVT_340367_DESC;With our state in chaos Russia used this oportunity to seize control over parts of the northern Mongolia. Currently there is very little that we can do to stop Russia at this point.;
EVT_340367_OPTIONA;There is nothing we can do;
EVT_340365_NAME;Russia seize northern Mongolia !;
EVT_340365_DESC;With newly conquered territory of Mongolia in chaos, Russians used this oportunity to seize control over disputed territory around Trans-siberian railway. Currently there is very little that we can do to stop Russian state at this point.;
EVT_340365_OPTIONA;There is nothing we can do;
EVT_340365_OPTIONB;This means WAR !;
EVT_340363_NAME;Soviets seize northern Mongolia !;
EVT_340363_DESC;With our state in chaos Soviets used this oportunity to seize control over parts of the northern Mongolia. Currently there is very little that we can do to stop Soviets at this point.;
EVT_340363_OPTIONA;There is nothing we can do;
EVT_340364_NAME;Soviets seize northern Mongolia !;
EVT_340364_DESC;With newly conquered territory of Mongolia in chaos, Soviets used this oportunity to seize control over Singapore. Currently there is very little that we can do to stop Soviet state at this point.;
EVT_340364_OPTIONA;There is nothing we can do;
EVT_340364_OPTIONB;This means WAR !;
EVT_341032_NAME;Mongolia is defeated;
EVT_341032_DESC;Joined armed forces of Japan and Russia forced Mongolians to cease futile resistance and sign unconditional surrender before representatives of both nations. Fate of Mongolia is now in our hand.;
EVT_341032_OPTIONA;We are victorious !;
EVT_341033_NAME;A new overlord;
EVT_341033_DESC;Mongolia becomes Japanese ally.;
EVT_341033_OPTIONA;At least we survived...;
EVT_341041_NAME;Partition of Mongolia;
EVT_341041_DESC;According to the Pact of Vladivostok Japan will be allowed to occupy territories of 1918 Mongolia while Russia will be able to retain stolen parts of our territory.;
EVT_341041_OPTIONA;Honor the agreement;
EVT_341041_OPTIONB;Don't let us stop fighting. Mongolia was only a warm-up.;
EVT_341042_NAME;Japanese tratchery;
EVT_341042_DESC;Japan deceived us. We are now target of Japanese aggression.;
EVT_341042_OPTIONA;May they bleed to death.;
EVT_341043_NAME;Partition of Mongolia;
EVT_341043_DESC;According to the Pact of Vladivostok Japan will be allowed to occupy territories of 1918 Mongolia while Russia will be able to retain stolen parts of our territory.;
EVT_341043_OPTIONA;Honor the agreement.;
EVT_341044_NAME;Partition of Mongolia;
EVT_341044_DESC;According to the Pact of Vladivostok Japan will be allowed to occupy territories of 1918 Mongolia while Russia will be able to retain stolen parts of our territory.;
EVT_341044_OPTIONA;Honor the agreement;
EVT_341044_OPTIONB; Don't let us stop fighting. Mongolia was only a warm-up.;
EVT_341045_NAME;Partition of Mongolia;
EVT_341045_DESC;According to the Pact of Vladivostok Japan will be allowed to occupy whole 1918 Mongoli while Russia retains control over territories stole from us by Mongolia in 1920.;
EVT_341045_OPTIONA;Honor the agreement;
EVT_340359_NAME;Partition of Mongolia;
EVT_340359_DESC;According to the Pact of Vladivostok Japan will be allowed to occupy whole 1918 Mongoli while Russia retains control over territories stole from us by Mongolia in 1920.;
EVT_340359_OPTIONA;Honor the agreement;
EVT_341046_NAME;Partition of Mongolia;
EVT_341046_DESC;According to the Pact of Vladivostok Russia claims their former territories.;
EVT_341046_OPTIONA;Transfer territories;
EVT_341050_NAME;Status of Mongolia;
EVT_341050_DESC;We have kept territory of Mongolia under direct military control for some time. But some members of general staff are suggesting to release independent Mongolia as next member of co-prosperity sphere..;
EVT_341050_OPTIONA;End the military occupation;
EVT_341050_OPTIONB;Keep Mongolia under direct control;
EVT_341047_NAME;Transfer of territories;
EVT_341047_DESC;Japanese empire launched succesfull assault against mad Khan of Mongolia, which resulted in complete occupation of Mongolia, including territories stolen from us by Mongolia in 1920. Some members of our cabinet suggest to strike a deal with Japan to get our territories back. What shall we do ?;
EVT_341047_OPTIONA;Let us offer a deal to Japan;
EVT_341047_OPTIONB;Never !;
EVT_341048_NAME;Transfer of territories;
EVT_341048_DESC;Russian want to buy the northern provinces of the former Mongolia. This territory was annexed in 1920 by mad baron Sternberg and it contains long section of critically important Transsiberian railway.;
EVT_341048_OPTIONA;Accept their offer;
EVT_341048_OPTIONB;Refuse !;
EVT_341049_NAME;Transfer of territories;
EVT_341049_DESC;Japan accepted our proposal and territories stolen in 1920 once again belong to us.;
EVT_341049_OPTIONA;These lands are ours again.;
EVT_341080_NAME;Fate of Mad Baron;
EVT_341080_DESC;After defeat of Mongolia state, baron Roman Nikolai Maximilian von Ungern-Sternberg, known as mad baron fell into our hands. What shall we do with this dangerous lunatic ?;
EVT_341080_OPTIONA;We don't fear him. Let him be;
EVT_341080_OPTIONB;Extradite him to Russia;
EVT_341080_OPTIONC;He is a danger. Dispel him.;
EVT_341080_OPTIOND;He is too dangerous. Imprison him.;
EVT_341081_NAME;Sternberg arrived;
EVT_341081_DESC;The Japanese Empire - after conquering Mongolia - sent us this dangerous enemy of Russia as a gift. What should we do to this madman and traitor of mother Russia ?;
EVT_341081_OPTIONA;Hang him high!;
EVT_341081_OPTIONB;Exile him to the worst part of Siberia;
EVT_341100_NAME;Mad Baron escaped !;
EVT_341100_DESC;A fanatic supporter of overthrowned mad baron was able to free him. We should have open eyes in Mongolia for he might try to return....;
EVT_341100_OPTIONA;Damn !;
EVT_341082_NAME;A new alliance ?;
EVT_341082_OPTIONA;Try to invite Russia into our alliance !;
EVT_341082_OPTIONB;We dont need them !;
EVT_341084_NAME;Alliance with Japan ?;
EVT_341084_DESC;Recent cooperation with Japan in conquest of Mongolia greatly strengthen mutual relations between two great nations. Japan empire decided to offer us participation in their alliance block, which is clearly aimed against German dominance in Pacific and Europe and want to form an alliance with us. How we shall respond ?;
EVT_341084_OPTIONA;Accept their offer !;
EVT_341084_OPTIONB;Accept, but demand Primorsk and Northern Sakhalin !;
EVT_341084_OPTIONC;Never !;
EVT_341085_NAME;Russia joins Co-Prosperity Sphere;
EVT_341085_DESC;Russian state accepted our offer and entered military alliance with all members of Co-Prosperity Sphere.;
EVT_341085_OPTIONA;A new power rises !;
EVT_341086_NAME;Russian demands;
EVT_341086_DESC;The Russians have agreed in principle to an alliance aimed against German Empire and its allies in Asia, but as a precondition of their direct military support they want the return of territories taken by Japan during the Russian civil war, namely northern Sakhalin and Primorsk.;
EVT_341086_OPTIONA;Accept their demands !;
EVT_341086_OPTIONB;Never !;
EVT_341087_NAME;Transamur is Russian!;
EVT_341087_DESC;Facing the threat of Russian military force and deprived of the support of the local capitalists and the Japanese, Transamur's government is ready to collapse in the face of the popular will.  We can now do what we like with Transamur, but it has been independent for a long time and will be difficult to integrate into our country.  Perhaps some sort of compromise is needed ?;
EVT_341087_OPTIONA;No compromise - put leadership on trial and incorporate Transamur;
EVT_341087_OPTIONB;Establish a government of reconciliation: Kolchak for Prime Minister!;
EVT_341087_OPTIONC;Administer Transamur as an autonomous zone. For now...;
EVT_341200_NAME;Peace with Japanese Empire ?;
EVT_341200_DESC;Our military campaign against Japanese Empire has been military catasthrope so far. Nearly the whole of East-Siberia has been taken by Japan. Many politicians are demanding to sign peace with Japan and end this war, even if on our expense....;
EVT_341200_OPTIONA;Offer them the coast of pacific;
EVT_341200_OPTIONB;No ! We shall win !;
EVT_341201_NAME;Russia's peace offer;
EVT_341201_DESC;Nearly the whole of East-Siberia has been taken by us. Now Russia begs for peace and offer us the Russian pacific coast. Shall we accept this offer ?;
EVT_341201_OPTIONA;Better than we expected, accept the conditions;
EVT_341201_OPTIONB;No Peace with the Russians !;
EVT_341202_NAME;Japan refuses peace offer;
EVT_341202_DESC;Japan refused our offer. Let them make regret their foolish decision.;
EVT_341202_OPTIONA;The war goes on.;
EVT_341203_NAME;Japan accepts peace offer;
EVT_341203_DESC;Now we have to fullfill the harh conditions of the peace treaty we have signed. But later we will take our provinces back !;
EVT_341203_OPTIONA;Transfer territories;
EVT_341204_NAME;Japan accepts peace;
EVT_341204_DESC;Now the Russian pacific coast is in our hands. We can either keep it for ourselves or hand it over to our loyal puppet, Transamur.;
EVT_341204_OPTIONA;Give it to Transamur.;
EVT_341204_OPTIONB;Keep it.;
EVT_341210_NAME;Peace with Japanese Empire ?;
EVT_341210_DESC;Japanese troops reached Ural and are currently directly threatening european part of our homeland . To prevent a total defeat we should try to appease Japan by offering them entire Siberia.;
EVT_341210_OPTIONA;Offer them Siberia;
EVT_341210_OPTIONB;The turning point is near;
EVT_341211_NAME;Russia offers Siberia for peace;
EVT_341211_DESC;Our glorious troops have reached the Ural mountains. Humiliated Russia leadership is offering us control over whole Sibeira, if we sign peace with broken Russian state. On the other hand we have reached our main target to bring Siberia under direct military control and continuing this military struggle would serve no purpose.;
EVT_341211_OPTIONA;Better than we expected, accept the conditions;
EVT_341211_OPTIONB;No Peace with the Russians!;
EVT_341212_NAME;Japan refuses peace offer;
EVT_341212_DESC;Japan refused our generous offer. Let them make regret their foolish decision.;
EVT_341212_OPTIONA;The war goes on;
EVT_341213_NAME;Japan accepts peace offer;
EVT_341213_DESC;No we have to fullfill the conditions. At a later time we will get everything they havew stolen from us back !;
EVT_341213_OPTIONA;Transfer territories;
EVT_341214_NAME;Fate of Siberia;
EVT_341214_DESC;Now Siberia is under our direct control. We can either release it as independent state, turn it over to Transamur or keep it for ourselves.;
EVT_341214_OPTIONA;Create independent Siberia;
EVT_341214_OPTIONB;Give it to Transamur;
EVT_341214_OPTIONC;Keep it under direct control.;
EVT_341215_NAME;Siberia becomes part of Co-Prosperity Sphere;
EVT_341215_DESC;Siberia becomes part of Greater East Asia Co-Prosperity Sphere. This is indeed a great day for Japaneese empire.;
EVT_341215_OPTIONA;OK;
EVT_341216_NAME;Status of Xibei Lianbang Yiyuan;
EVT_341216_DESC;Territory of Xibei Lianbang Yiyuan was occupied by Mongolian state since last Mongolian-Xibeian war which ended in total defeat of warlordism state. Upon hearing the collapse of his power, the inhabitants of this former state are demanding freedom. Granting them this wish would greatly weaken the Mongols. ;
EVT_341216_OPTIONA;Order Mongolia to secede Xibei Linbang Yinquan !;
EVT_341216_OPTIONB;They can keep it !;
EVT_341217_NAME;The foreign ulimatum;
EVT_341217_DESC;Our foreign masters have sent us an ultimatum to release the occupied territory of Xibei Lianbang Yiyuan. We have no other choice, but to comply....;
EVT_341217_OPTIONA;Well, if they insist...;
EVT_341500_NAME;Outbreak of Trans-Siberian war;
EVT_341500_DESC;A minor conflict about a section of Trans-Siberian railroad culminated in war between Russia and Mongolia. This tranverses our plans of expansion. Maybe it is also a good opportunity for us to launch our long-prepared military operations.;
EVT_341500_OPTIONA;Take the chance and declare war on Russia;
EVT_341500_OPTIONB;We are not prepared;
EVT_341502_NAME;End of Trans-Siberian-War;
EVT_341502_DESC;With the defeat of Mongolia the Trans-Siberian-War is over. Since Russian state showed remarkable strength some cautious politicians and military leaders are asking to reorientate our expansion into safer areas...;
EVT_341502_OPTIONA;No changes. Proceed as planned;
EVT_341502_OPTIONB;Let us orientate new;
EVT_341502_OPTIONC;Give up our plans of expansion;
EVT_341520_NAME;Chaos in Siberia;
EVT_341520_DESC;The Russian government has proved itself unable to maintain the security of its Siberian territory. Regarding to our plans in this region we have to decide how to deal with this confusing situation.;
EVT_341520_OPTIONA;Don´t change anything, continue with military preparations;
EVT_341520_OPTIONB;Let us focus upon Siberia;
EVT_341520_OPTIONC;Let us orientate new;
EVT_341520_OPTIOND;Give up our plans of expansion;
EVT_341709_NAME;Russians conquered Mukden;
EVT_341709_DESC;Russian state has launched succesfull invasion of our country and there is nothing we can do to stop their relentless advance. The most of commanders suggest to offer Russia surrender of our state to prevent useless deaths...;
EVT_341709_OPTIONA;Surrender;
EVT_341709_OPTIONB;Fight to death !;
EVT_341700_NAME;Defeat of Fengtien;
EVT_341700_DESC;After our troops reached Mukden a Fengtien republic was forced to sign  signed unconditional surrender.;
EVT_341700_OPTIONA;Puppet them;
EVT_341700_OPTIONB;Annex them;
EVT_341710_NAME;Hopeless war;
EVT_341710_DESC;Russian state has launched succesfull invasion of our country and there is nothing we can do to stop their relentless advance. The most of commanders suggest to offer Russia surrender of our state to prevent useless deaths...;
EVT_341710_OPTIONA;Surrender;
EVT_341710_OPTIONB;Fight to death !;
EVT_341701_NAME;Defeat of Transamur;
EVT_341701_DESC;Kolchak realized that further resistance of his pseudo-state against us is hopeless. He was left no other chice, but to sign unconditional surrender of his rebellious state.;
EVT_341701_OPTIONA;Puppet them;
EVT_341701_OPTIONB;Annex them;
EVT_341702_NAME;Fading Sun;
EVT_341702_DESC;We have lost the control of our continental provinces. Now our homeland is directly threatend. Maybe we could appease the Russians with offering Korea, Port Arthur, Sachalin and Kuril Islands.;
EVT_341702_OPTIONA;Offer territories for peace;
EVT_341702_OPTIONB;Fight on;
EVT_341703_NAME;Japan offers peace;
EVT_341703_DESC;After we brought their continental provinces under our control Japan fearing might of our armed forces begs for peace. Therefor they offer us Korea, Port Arthur, Sachalin and Kuril Islands in exchange for cessation of hostilities between our states.;
EVT_341703_OPTIONA;Humiliate Japan !;
EVT_341703_OPTIONB;Continue with armed struggle;
EVT_341704_NAME;Price of peace;
EVT_341704_DESC;Now it is time to fullfill our conditions.;
EVT_341704_OPTIONA;Transfer territories;
EVT_341705_NAME;Japan down to the count;
EVT_341705_DESC;After the great defeat we have to go other ways.;
EVT_341705_OPTIONA;We must return to our old ways of isolationism, Japan is a world in itself;
EVT_341706_NAME;Fate of Korea;
EVT_341706_DESC;The Korean people have suffered for a very long time under Japan dominance.It is now in our power to grant them desired independence, if it is in accordance with our plans..;
EVT_341706_OPTIONA;Grant them independence;
EVT_341706_OPTIONB;Keep it under our direct control;
EVT_341707_NAME;Independence of Korea;
EVT_341707_DESC;We have decided that it will be in Russias best interest, if independent Korea emerges on Russian border. But how much independence will it really have ?;
EVT_341707_OPTIONA;Puppet them;
EVT_341707_OPTIONB;Full independence.;
EVT_341708_NAME;Port Arthur;
EVT_341708_DESC;After our defeat in the First Russo-Japanese-War 1905 we had to relinquish Port Arthur to the Japaneese empire. Now it is under our control once again.;
EVT_341708_OPTIONA;Keep it;
EVT_341708_OPTIONB;Give it to Fengtien;
EVT_341708_OPTIONC;Give it to Chinnese Republic;
EVT_341708_OPTIOND;Give it to Qing Empire;
EVT_341708_OPTIONE;Give it to National government of China;
EVT_3417099_NAME;Port Arthur is now ours;
EVT_3417099_DESC;After the Russians beat the Japanese they gained control of Port Arthur. They have decided that they have no use for it and instead have given it to us.;
EVT_3417099_OPTIONA;Slendid!;
EVT_341720_NAME;Mongolians controls Mukden;
EVT_341720_DESC;Mukden is in Mongolian hands. We have to surrender.;
EVT_341720_OPTIONA;Surrender;
EVT_341720_OPTIONB;Fight to death !;
EVT_341721_NAME;Defeat of Fengtien;
EVT_341721_DESC;After our glorious troops reached Mukden a Fengtien delegation signed unconditional surrender.;
EVT_341721_OPTIONA;Puppet them;
EVT_341721_OPTIONB;Annex them;
EVT_341722_NAME;Inner Mongolia;
EVT_341722_DESC;Mongolians demands Inner Mongolia from us;
EVT_341722_OPTIONA;Relinquish;
EVT_341723_NAME;Fengtien surrenders;
EVT_341723_DESC;After the defeat of Fengtien by Mongolia we have to take the opportunity to save our heads as long as we can. But this means break all agreements with Japan.;
EVT_341723_OPTIONA;Propose white peace;
EVT_341723_OPTIONB;Propose alliance;
EVT_341723_OPTIONC;Propose to become puppet;
EVT_341723_OPTIOND;Fight on.;
EVT_341724_NAME;Transamur offers peace;
EVT_341724_DESC;Kolchak offers peace. How we will react?;
EVT_341724_OPTIONA;Accept white peace;
EVT_341724_OPTIONB;Refuse;
EVT_341757_NAME;Ceasefire;
EVT_341757_DESC;The war is over.;
EVT_341757_OPTIONA;OK;
EVT_341725_NAME;Transamur offers alliance;
EVT_341725_DESC;Kolchak offers alliance. How we will react?;
EVT_341725_OPTIONA;Accept;
EVT_341725_OPTIONB;No;
EVT_341726_NAME;Alliance signed;
EVT_341726_DESC;Welcome to our new ally.;
EVT_341726_OPTIONA;Accept;
EVT_341727_NAME;Transamur offers to become our protectorate;
EVT_341727_DESC;Kolchak offers to become a puppet of us. How shall we react?;
EVT_341727_OPTIONA;Accept;
EVT_341727_OPTIONB;We only want annex them;
EVT_341728_NAME;Primorsk becomes protectorate;
EVT_341728_DESC;Peace treaty was signed. Primorsk is now our protectorate.;
EVT_341728_OPTIONA;OK;
EVT_341729_NAME;Hopeless fight;
EVT_341729_DESC;Mongolian troops conquered some parts of our country. Maybe it is time to lay down our arms.;
EVT_341729_OPTIONA;Surrender;
EVT_341729_OPTIONB;Fight on;
EVT_341730_NAME;Transamur surrenders;
EVT_341730_DESC;After their resistance collapsed Transamur was forced to surrender.;
EVT_341730_OPTIONA;Annex them;
EVT_341731_NAME;Transamur surrenders;
EVT_341731_DESC;After their resistance collapsed Transamur was forced to surrender.;
EVT_341731_OPTIONA;Puppet them;
EVT_341731_OPTIONB;Annex them;
EVT_341750_NAME;Korea under Mongolian control;
EVT_341750_DESC;We have lost the control of our continental provinces. Now our homeland is threatend. Maybe we could appease the Mongolians with offering Korea and Port Arthur.;
EVT_341750_OPTIONA;Beg for peace.;
EVT_341750_OPTIONB;Fight till the end.;
EVT_341751_NAME;Japan offers peace;
EVT_341751_DESC;After we brought their continental provinces under our control Japan begs for peace. Therefor they offer us Korea and Port Arthur.;
EVT_341751_OPTIONA;Accept;
EVT_341751_OPTIONB;No. We want total victory;
EVT_341752_NAME;Price of peace;
EVT_341752_DESC;Now it is time to fullfill conditions of the peace treaty we have signed with Mongolia.;
EVT_341752_OPTIONA;Transfer territories;
EVT_341753_NAME;Japan down to the count;
EVT_341753_DESC;After the great defeat we have to go other ways.;
EVT_341753_OPTIONA;We must return to our old ways of isolationism, Japan is a world in itself;
EVT_341754_NAME;Korea;
EVT_341754_DESC;The Korean people desire for independence.;
EVT_341754_OPTIONA;Grant them independence;
EVT_341754_OPTIONB;Keep it under our direct control;
EVT_341755_NAME;Indepdence of Korea;
EVT_341755_DESC;How many autonomy we want grant Korea?;
EVT_341755_OPTIONA;Puppet them;
EVT_341755_OPTIONB;Full independence.;
EVT_341756_NAME;Port Arthur;
EVT_341756_DESC;After our defeat in the First Russo-Japanese-War 1905 Russia had to relinquish Port Arthur. Now it is under our control.;
EVT_341756_OPTIONA;Keep it;
EVT_341756_OPTIONB;Give it to Fengtien;
EVT_3417577_NAME;Port Arthur is now ours;
EVT_3417577_DESC;After the Mongolians beat the Japanese they gained control of Port Arthur. They have decided that they have no use for it and instead have given it to us.;
EVT_3417577_OPTIONA;Slendid!;
EVT_341800_NAME;War Preperation;
EVT_341800_DESC;AI_Event;
EVT_341800_OPTIONA;OK;
EVT_341850_NAME;War Preperation;
EVT_341850_DESC;AI_Event;
EVT_341850_OPTIONA;OK;
EVT_341851_NAME;War Preperation;
EVT_341851_DESC;AI_Event;
EVT_341851_OPTIONA;OK;
EVT_341852_NAME;War Preperation;
EVT_341852_DESC;AI_Event;
EVT_341852_OPTIONA;OK;
EVT_341900_NAME;AI_Event;
EVT_341900_DESC;AI_Event;
EVT_341900_OPTIONA;OK;
EVT_340200_NAME;The Rising Sun;
EVT_340200_DESC;With the political problems at home surpressed, it is time for the Land of the Rising Sun to look beyond her borders. We have many choices, each with their own rewards and challenges. Once we decide which path to take, we can later go more into depth on how to obtain it.;
EVT_340200_OPTIONA;Let the sun rise!;
EVT_340200_OPTIONB;We must return to our old ways of isolationism, Japan is a world in itself;
EVT_340201_NAME;The Rising Sun;
EVT_340201_DESC;With the political problems at home surpressed, it is time for the Land of the Rising Sun to look beyond her borders. We have many choices, each with their own rewards and challenges. Once we decide which path to take, we can later go more into depth on how to obtain it.;
EVT_340201_OPTIONA;Let the sun rise!;
EVT_340201_OPTIONB;We must return to our old ways of isolationism, Japan is a world in itself;
EVT_340202_NAME;The Rising Sun;
EVT_340202_DESC;With the political problems at home surpressed, it is time for the Land of the Rising Sun to look beyond her borders. We have many choices, each with their own rewards and challenges. Once we decide which path to take, we can later go more into depth on how to obtain it.;
EVT_340202_OPTIONA;We must bring down the German goliath !;
EVT_340202_OPTIONB;North of us is a great untamed land which is ripe for the taking!;
EVT_340202_OPTIONC;Colonialism has served us well in the past, it will serve now as well !;
EVT_340203_NAME;The Rising Sun;
EVT_340203_DESC;With the political problems at home surpressed, it is time for the Land of the Rising Sun to look beyond her borders. We have many choices, each with their own rewards and challenges. Once we decide which path to take, we can later go more into depth on how to obtain it.;
EVT_340203_OPTIONA;We must bring down the German goliath if we want to carve an Empire!;
EVT_340203_OPTIONB;Colonialism has served us well in the past, let us look beyond to greener lands!;
EVT_340204_NAME;The Rising Sun;
EVT_340204_DESC;With Siberia secured, it is time for the Land of the Rising Sun to look beyond her borders. We have many choices, each with their own rewards and challenges. Once we decide which path to take, we can later go more into depth on how to obtain it.;
EVT_340204_OPTIONA;We must bring down the German goliath if we want to carve an Empire!;
EVT_340204_OPTIONB;Colonialism has served us well in the past, let us look beyond to greener lands!;
EVT_340204_OPTIONC;Abandon expansionism, we have achieved our goals !;
EVT_340205_NAME;The Rising Sun;
EVT_340205_DESC;With territory of China secured, it is time for the Land of the Rising Sun to look beyond her borders. We have many choices, each with their own rewards and challenges. Once we decide which path to take, we can later go more into depth on how to obtain it.;
EVT_340205_OPTIONA;North of us is a great untamed land which is ripe for the taking!;
EVT_340205_OPTIONB;Colonialism has served us well in the past, let us look beyond to greener lands!;
EVT_340205_OPTIONC;Abandon expansionism, we have achieved our goals !;
EVT_340206_NAME;The Rising Sun;
EVT_340206_DESC;With southern pacific secured, it is time for the Land of the Rising Sun to look beyond her borders. We have many choices, each with their own rewards and challenges. Once we decide which path to take, we can later go more into depth on how to obtain it.;
EVT_340206_OPTIONA;North of us is a great untamed land which is ripe for the taking!;
EVT_340206_OPTIONB;We must bring down the German goliath if we want to carve an Empire!;
EVT_340206_OPTIONC;Abandon expansionism, we have achieved our goals !;
EVT_340209_NAME;The Rising Sun;
EVT_340209_DESC;With Southern pacific too well protected, we must change course of our expansionism and maybe return to southern pacific, once German Empire is occupied elsewhere....;
EVT_340209_OPTIONA;We must bring down the German goliath if we want to carve an Empire!;
EVT_340209_OPTIONB;North of us is a great untamed land which is ripe for the taking!;
EVT_340208_NAME;Economic exploatation of Fengtieng republic is no longer possible;
EVT_340208_DESC;Terrible news ! Due to loss of control over Fengtieng republic, we can no longer exploitate its industry to suppor our own.;
EVT_340208_OPTIONA;Drat !;
EVT_340035_NAME;Korean exiles looks for foreign backing;
EVT_340035_DESC;The Korean government-in-exile has trudged along for a long time alone building up minor support. However our Prince has seen the growing instability as a chance to return to Korea. He has begun to put out feelers for a strong ally to help against Japan.;
EVT_340035_OPTIONA;Germany would surely love to have an ace in the hole;
EVT_340035_OPTIONB;Australasia is a local power that feels threatened;
EVT_340035_OPTIONC;Russia is weakened but still a giant;
EVT_340035_OPTIOND;The Europeans have caused enough damage, China is our choice;
EVT_340035_OPTIONE;We do not need foreign support !;
EVT_340036_NAME;Korea asks for aid;
EVT_340036_DESC;The Korean government-in-exile has approached the German people for military and political aid in retaking their lands from Japan. This would cause much grief to the Japanese should we go to war with them. But it might also cause other problems for us should Korea jump the guns.;
EVT_340036_OPTIONA;A great place to drop left over equipment;
EVT_340036_OPTIONB;Full support and aid shall be given;
EVT_340036_OPTIONC;We’re not interested;
EVT_340037_NAME;Korean exiles looks for foreign backing;
EVT_340037_DESC;After the latest unsuccesfull negotiaions the Korean delegation has decided to leave for.....;
EVT_340037_OPTIONA;Forget this, we will continue on our own;
EVT_340037_OPTIONB;Germany would surely love to have an ace in the hole;
EVT_340037_OPTIONC;Australasia is a local power that feels threatened;
EVT_340037_OPTIOND;Russia is weakened but still a giant;
EVT_340037_OPTIONE;The Europeans have caused enough damage, China is our choice;
EVT_340038_NAME;Korea requests aid;
EVT_340038_DESC;Korean government in exile has asked us for military and political aid against Japan. It might be wise to send them aid to keep the Japanese off balanced. But it could mean that Japan guns for us sooner rather than later.;
EVT_340038_OPTIONA;A great place to drop left over equipment;
EVT_340038_OPTIONB;Full support and aid shall be given;
EVT_340038_OPTIONC;We’re not interested;
EVT_340039_NAME;Korea requests aid;
EVT_340039_DESC;Korean government in exile has asked us for military and political aid against Japan. It might be wise to send them aid to keep the Japanese off balanced. But it could mean that Japan guns for us sooner rather than later.;
EVT_340039_OPTIONA;A great place to drop left over equipment;
EVT_340039_OPTIONB;Full support and aid shall be given;
EVT_340039_OPTIONC;We’re not interested;
EVT_340040_NAME;Korea requests aid;
EVT_340040_DESC;Korean government in exile has asked us for military and political aid against Japan. It might be wise to send them aid to keep the Japanese off balanced. But it could mean that Japan guns for us sooner rather than later.;
EVT_340040_OPTIONA;A great place to drop left over equipment;
EVT_340040_OPTIONB;Full support and aid shall be given;
EVT_340040_OPTIONC;We’re not interested;
EVT_340068_NAME;The Korean Problem;
EVT_340068_DESC;The Korean government in exile has announced that a campaign to free their country is in motion and that they are calling for support;
EVT_340068_OPTIONA;Keep our eyes and ear open;
EVT_340069_NAME;Rise of Korean nationalism in Transamur;
EVT_340069_DESC;The Korean independence movement is spreading in Transmur using large existing korean minority and it could pose a future problem if it is not contained....;
EVT_340069_OPTIONA;Push Transmur for a crack down;
EVT_340069_OPTIONB;Let it be. They can’t push us out;
EVT_340070_NAME;Japanese pressure;
EVT_340070_DESC;The rise of Korean nationalism in our state has made Japan a bit nervous and they are insisting that we crack down on them. Failure to do this could draw Japan’s ire down upon us. But to crack down will make the people restless, especially our middle class which has a great number of Koreans.;
EVT_340070_OPTIONA;We have no choice....;
EVT_340070_OPTIONB;Just arrest the agitators;
EVT_340070_OPTIONC;We refuse;
EVT_340071_NAME;Transmur refuses our demand!;
EVT_340071_DESC;When the demand for a crackdown was refused, many members of the Japanese government were taken aback by the disrespect for our nation’s security by our supposed younger ally who we have protected for so long from Russia. Now the question was what to do?;
EVT_340071_OPTIONA;Respect their independence;
EVT_340071_OPTIONB;We will do it ourselves;
EVT_340071_OPTIONC;How dare they, send in the troops!;
EVT_340072_NAME;Japanese troops crackdown on Koreans;
EVT_340072_DESC;In a show of force, Japan has deployed their forces throughout Transmur in order to do the crackdown. It appears that Japan does not, nor has it respected our rights as a nation.;
EVT_340072_OPTIONA;They betrayed our trust;
EVT_340072_OPTIONB;There is nothing we can do...;
EVT_340073_NAME;Japan marches on Vladivostok;
EVT_340073_DESC;In order to force our hand, Japanese forces have marched on our capital and placed it under siege. We are not militarily strong enough to resist them in a full on conflict.;
EVT_340073_OPTIONA;Capitulate and order the crackdown;
EVT_340073_OPTIONB;Resist and declare independece from Tokyo !;
EVT_340074_NAME;Troubles in Transamur;
EVT_340074_DESC;First it was Korean worries and now it is worries about Transmur. It seems that we should prepare plan in case our erstwhile ally decides to break away from us.;
EVT_340074_OPTIONA;There is no need for drastic action yet...;
EVT_340074_OPTIONB;Prepare to replace Kolchak;
EVT_340084_NAME;Japanese troops move to arrest Kolchak!;
EVT_340084_DESC;After the our refusal to assist Japan fully in their troubles with the exiled Korean government Japan has moved to arrest and replace Our Dear Leader - Admiral and President Kolchak!;
EVT_340084_OPTIONA;Capitulate and hand him over;
EVT_340084_OPTIONB;Resist and declare independece from Tokyo !;
EVT_340075_NAME;The Korean Problem;
EVT_340075_DESC;The Korean government in exile has announced that a campaign to free their country is in motion and that they are calling for support;
EVT_340075_OPTIONA;Japan will not stand for this;
EVT_340075_OPTIONB;Invite them to talk;
EVT_340076_NAME;Negotiations in Korea;
EVT_340076_DESC;We have invited the exiled Korean government to talks about the future of Korea as potential massive uprising on the Korean peninsula threatens to destabilize our hardly won sphere of influence and any future expansionist plans !;
EVT_340076_OPTIONA;Grant Koreans partial independence;
EVT_340076_OPTIONB;The talks break down;
EVT_340079_NAME;Independent Korea !;
EVT_340079_DESC;Japan has gracefully restored us to power and given us our freedom!;
EVT_340079_OPTIONA;We will stand by our Japanese Brothers!;
EVT_340080_NAME;Attempted rebellion in Korea!;
EVT_340080_DESC;Korea rebels attempted to take and hold several key points today but Loyalist Korean and Japanese troops were able to fend them off and crush the rebellion;
EVT_340080_OPTIONA;We are ever vigilant;
EVT_340085_NAME;Rebellion in Korea!;
EVT_340085_DESC;Korean rebels with foreign arms are attacking our forces and attempting to gain important strategic locations across Korea. We have taken loses already and must send aid to crush this rebellion!;
EVT_340085_OPTIONA;We must destroy them!;
EVT_340081_NAME;Rebellion!;
EVT_340081_DESC;With foreign backing we have revolted and are fighting for our future!;
EVT_340081_OPTIONA;We will fight for freedom!;
EVT_340082_NAME;Rebellion in Korea!;
EVT_340082_DESC;Korean rebels with foreign arms are attacking our forces and attempting to gain important strategic locations across Korea. We have taken loses already and must send aid to crush this rebellion!;
EVT_340082_OPTIONA;We must destroy them!;
EVT_340083_NAME;Rebellion!;
EVT_340083_DESC;With foreign backing we have revolted and are fighting for our future!;
EVT_340083_OPTIONA;We will fight for freedom!;
EVT_340086_NAME;Korea fights us off;
EVT_340086_DESC;Korean forces have taken many of the key points and are forcing us off the mainland. Trasamur and the Fengtein Republic are noticing this and might decide to rebel as well. Should we seek peace?;
EVT_340086_OPTIONA;We must withdraw to our island;
EVT_340086_OPTIONB;We must keep Korea within our grasp!;
EVT_340087_NAME;Japan shows weakness in Korea;
EVT_340087_DESC;Japan has decided to give up Korea and now we have a choice to make. With our former masters defeated should we break away and choose our own direction?;
EVT_340087_OPTIONA;We must continue our support the Japanese;
EVT_340087_OPTIONB;Make Peace and choose independence;
EVT_340087_OPTIONC;We shall break away and force Korea to submit to us!;
EVT_340087_OPTIOND;It is time to reunite China under Pu Yi;
EVT_340088_NAME;Japan shows weakness in Korea;
EVT_340088_DESC;Japan has decided to give up Korea and now we have a choice to make. With our former masters defeated should we break away and choose our own direction?;
EVT_340088_OPTIONA;We must continue our support the Japanese;
EVT_340088_OPTIONB;Make Peace and choose independence;
EVT_340088_OPTIONC;We shall break away and force Korea to submit to us!;
EVT_340088_OPTIOND;It is time to reunite with Russia;
EVT_340090_NAME;The Korean uprising;
EVT_340090_DESC;The Korean people have risen against their Japaneese overlords, wanting to finally break free from them. This presents us with option to weaken Japaneese empire via supporting Korean independence movement...;
EVT_340090_OPTIONA;Send aid to the Koreans!;
EVT_340090_OPTIONB;We cannot do anything...;
EVT_340091_NAME;Aid from the Russians;
EVT_340091_DESC;The Russian state has sent us massive ammount of supplies and volunteers eager to help us preveil against Japan !;
EVT_340091_OPTIONA;Great !;
EVT_340092_NAME;The Korean uprising;
EVT_340092_DESC;The Korean people have risen against their Japaneese overlords, wanting to finally break free from them. This presents us with option to weaken Japaneese empire via supporting Korean independence movement...;
EVT_340092_OPTIONA;Send aid to the Koreans!;
EVT_340092_OPTIONB;We cannot do anything...;
EVT_340093_NAME;Aid from the Qing;
EVT_340093_DESC;The Qing Empire has sent us massive ammount of supplies and volunteers eager to help us prevail against Japan !;
EVT_340093_OPTIONA;Great !;
EVT_340319_NAME;The Korean uprising;
EVT_340319_DESC;The Korean people have risen against their Japaneese overlords, wanting to finally break free from them. This presents us with option to weaken Japaneese empire via supporting Korean independence movement...;
EVT_340319_OPTIONA;Send aid to the Koreans!;
EVT_340319_OPTIONB;We cannot do anything...;
EVT_340306_NAME;Aid from the Soviets;
EVT_340306_DESC;The Soviet state has sent us massive ammount of supplies and volunteers eager to help us prevail against Japan !;
EVT_340306_OPTIONA;Great !;
EVT_340307_NAME;The Korean uprising;
EVT_340307_DESC;The Korean people have risen against their Japaneese overlords, wanting to finally break free from them. This presents us with option to weaken Japaneese empire via supporting Korean independence movement...;
EVT_340307_OPTIONA;Send aid to the Koreans!;
EVT_340307_OPTIONB;We cannot do anything...;
EVT_340308_NAME;Aid from the AOG;
EVT_340308_DESC;The German corporativist state AOG has sent us massive ammount of supplies and volunteers eager to help us prevail against Japan !;
EVT_340308_OPTIONA;Great !;
EVT_340309_NAME;The Korean uprising;
EVT_340309_DESC;The Korean people have risen against their Japaneese overlords, wanting to finally break free from them. This presents us with option to weaken Japaneese empire via supporting Korean independence movement...;
EVT_340309_OPTIONA;Send aid to the Koreans!;
EVT_340309_OPTIONB;We cannot do anything...;
EVT_340310_NAME;Aid from the Chineese republic;
EVT_340310_DESC;The Republic of China has sent us massive ammount of supplies and volunteers eager to help us preveil against Japan !;
EVT_340310_OPTIONA;Great !;
EVT_340311_NAME;The Korean uprising;
EVT_340311_DESC;The Korean people have risen against their Japaneese overlords, wanting to finally break free from them. This presents us with option to weaken Japaneese empire via supporting Korean independence movement...;
EVT_340311_OPTIONA;Send aid to the Koreans!;
EVT_340311_OPTIONB;We cannot do anything...;
EVT_340312_NAME;Aid from the German Empire;
EVT_340312_DESC;The German Empire has sent us large ammount of supplies and skilled officers eager to help us prevail against Japan !;
EVT_340312_OPTIONA;Great !;
EVT_340313_NAME;The End of the Korean war;
EVT_340313_DESC;For good or ill, the Korean war is now over.  The General Staff have reported that they learnt many valuable lessons regarding the nature of modern warfare over the course of the conflict.;
EVT_340313_OPTIONA;ACTIONNAME2803A;
EVT_340314_NAME;The End of the Korean war;
EVT_340314_DESC;For good or ill, the Korean war is now over.  The General Staff have reported that they learnt many valuable lessons regarding the nature of modern warfare over the course of the conflict.;
EVT_340314_OPTIONA;ACTIONNAME2803A;
EVT_340315_NAME;The End of the Korean war;
EVT_340315_DESC;For good or ill, the Korean war is now over.  The General Staff have reported that they learnt many valuable lessons regarding the nature of modern warfare over the course of the conflict.;
EVT_340315_OPTIONA;ACTIONNAME2803A;
EVT_340316_NAME;The End of the Korean war;
EVT_340316_DESC;For good or ill, the Korean war is now over.  The General Staff have reported that they learnt many valuable lessons regarding the nature of modern warfare over the course of the conflict.;
EVT_340316_OPTIONA;ACTIONNAME2803A;
EVT_340317_NAME;The End of the Korean war;
EVT_340317_DESC;For good or ill, the Korean war is now over.  The General Staff have reported that they learnt many valuable lessons regarding the nature of modern warfare over the course of the conflict.;
EVT_340317_OPTIONA;ACTIONNAME2803A;
EVT_340318_NAME;The End of the Korean war;
EVT_340318_DESC;For good or ill, the Korean war is now over.  The General Staff have reported that they learnt many valuable lessons regarding the nature of modern warfare over the course of the conflict.;
EVT_340318_OPTIONA;ACTIONNAME2803A;
EVT_340324_NAME;Naval blockade of the Korean peninsula;
EVT_340324_DESC;With the Korean peninsula engulfed with fires of revolution, many hostile nations might use this event as grand opportunity to weaken our influence in pacific by direct or indirect support of those damned revolutionaries. We can only prevent this by imposing naval blockade around entire Korean peninsula.;
EVT_340324_OPTIONA;Impose naval blockade !;
EVT_340320_NAME;Japan naval blockade;
EVT_340320_DESC;In desperate attempt to prevent our inevitable victory, the imperial japaneese navy has set up blockade around the entire Korean peninsula.;
EVT_340320_OPTIONA;They can not stop us !;
EVT_340325_NAME;Enforcing naval blockade;
EVT_340325_DESC;Our glorious navy continues to maintain complete naval blockade around the rebellious Korean peninsula, denying rebels much needed foreign aid. But some members of general staff argue, that naval blockade has already outlived its usefullness since rebels will be soon crushed and blockade itself is a very costly matter to us...;
EVT_340325_OPTIONA;Continue the blockade !;
EVT_340325_OPTIONB;Cancel blockade;
EVT_340322_NAME;End of the naval blockade;
EVT_340322_DESC;With fighting over Korean peninsula definitively over it is time for our navy to end this long and costly blockade.;
EVT_340322_OPTIONA;Cancel blockade;
EVT_340323_NAME;Naval blockade ended !;
EVT_340323_DESC;Imperial Japaneese navy facing severe problems canceled deadly military blockade around Korean peninsula.;
EVT_340323_OPTIONA;We shall win !;
EVT_340326_NAME;Korean rebellion crushed;
EVT_340326_DESC;Our glorious armed forces decisively defeated korean rabble, forcing them to abandon their futile struggle !;
EVT_340326_OPTIONA;Good;
EVT_340327_NAME;Integration of Korea;
EVT_340327_DESC;The entire korean peninsula is now firmly integrated into our glorious Empire !;
EVT_340327_OPTIONA;Good;
EVT_340328_NAME;Japaneese settlers in Korea;
EVT_340328_DESC;During occupation of Korea by forces of the Japaneese Empire, thousands of Japaneese were settled in our frontiers, founding many new farms and villages. With our independence regained, however, we could very well seize those lands and redistribute them amongst our own people! However, such populist move could harm our fragile economy, as a good part of our agriculture production comes from these farms.;
EVT_340328_OPTIONA;Seize the farms and expell the Japaneese;
EVT_340328_OPTIONB;Those settlers are important for our economy;
EVT_340329_NAME;Refugees from Korea;
EVT_340329_DESC;During our occupation of Korea, thousands of Japaneese settlers moved to the area of Korean peninsula. Their newly-independent government has decided to expell them...;
EVT_340329_OPTIONA;Oh!;
EVT_344500_NAME;Look to the Yakuza;
EVT_344500_DESC;Our cousins the Yakuza have taken a fair amount of power in Japan and are moving it towards a militaristic and expansionist path. Maybe a deal could be brokered and we could enter their sphere;
EVT_344500_OPTIONA;They are to dangerous;
EVT_344500_OPTIONB;Seek an agreement;
EVT_344501_NAME;An interesting offer;
EVT_344501_DESC;The Triad rulers of the Legation Cities have approached the Yakuza members of our government about a possible alliance in the interest of profits and exending our sphere our influence;
EVT_344501_OPTIONA;A Union of Organizations!;
EVT_344501_OPTIONB;Turn them away;
EVT_344502_NAME;An interesting offer;
EVT_344502_DESC;The Triad rulers of the Legation Cities have approached the Yakuza members of our government about a possible alliance in the interest of profits and exending our sphere our influence;
EVT_344502_OPTIONA;A Union of Organizations!;
EVT_344502_OPTIONB;Turn them away;
EVT_344503_NAME;An alliance is formed;
EVT_344503_DESC;The Chinese Triads and the Japanese Yakuza in line with their governments have reached an agreement that will set the new future of Asia in motion!;
EVT_344503_OPTIONA;For a New Asia!;
EVT_344530_NAME;Troubles in the Legation Cities;
EVT_344530_DESC;Recently the triads have come under increased crack downs by the Legate Cities. The triads have called for help from Japan for a long time. Seeing their chance, Japan arranged for one of the riots to destroy their embassy in Shanghai. Using this outrage, Japan demanded the right to move troops into the city to restore order and prevent further loss of Japanese property or lives.;
EVT_344530_OPTIONA;Use Imperial troops to secure the cities;
EVT_344530_OPTIONB;Field triad peacekeepers as well;
EVT_344530_OPTIONC;Stay out of this mess;
EVT_344531_NAME;Japanese embassy is damaged;
EVT_344531_DESC;The recent riots have caused a great deal of damage to the Japanese embassy. Now they have begun deploying troops into our cities to protect Japanese property and lives. This situation is highly volatile.;
EVT_344531_OPTIONA;We can do nothing to stop them;
EVT_344531_OPTIONB;Order our forces to evict the Japanese troops;
EVT_344532_NAME;Almost bloodless coup;
EVT_344532_DESC;The Legate Cities have capitulated and Japanese troops spread throughout the area. In a matter of a week, Japan was in control of all key areas of the Legate Cities and forced a regime change.;
EVT_344532_OPTIONA;The Empire prevails!;
EVT_344533_NAME;Legate cities try to evict our forces;
EVT_344533_DESC;The Legate Cities have ordered their troops to evict our own forces. A violent confrontation is all but inevitable as our men would rather die than give ground without the order to withdraw.;
EVT_344533_OPTIONA;Force the showdown;
EVT_344533_OPTIONB;Stand down and change plans;
EVT_344534_NAME;Japan forces a showdown;
EVT_344534_DESC;Japan refuses to remove their troops and continues with their plans. We must either remove them by force or back down.;
EVT_344534_OPTIONA;Order our troops to attack;
EVT_344534_OPTIONB;We can do nothing to stop them;
EVT_344535_NAME;Japanese embassy is damaged;
EVT_344535_DESC;The recent riots have caused a great deal of damage to the Japanese embassy. Now Japan has begun deploying troops into our cities to protect Japanese property and lives. To add insult and injury, they are employing the triads to serve as a police force.;
EVT_344535_OPTIONA;We can do nothing to stop them;
EVT_344535_OPTIONB;Order our forces to evict the Japanese troops;
EVT_344536_NAME;Legation Council forces attack our Peacekeepers!;
EVT_344536_DESC;The Legation Council has officially ordered their forces to evict Japanese troops from the cities. It is time to crush them!;
EVT_344536_OPTIONA;Call up the Triads to fight!;
EVT_344536_OPTIONB;Just absorb their numbers;
